PC1,PC2,PC3,PC4,PC5,PC6,PC7,PC8,PC9,PC10,PC11,PC12,PC13,PC14,PC15,PC16,PC17,PC18,PC19,PC20,PC21,PC22,PC23,PC24,PC25,PC26,PC27,PC28,PC29,PC30,PC31,PC32,PC33,PC34,PC35,PC36,PC37,PC38,PC39,PC40,PC41,PC42,PC43,PC44,PC45,PC46,PC47,PC48,PC49,PC50,TCGA_Barcode
-24.056920754370374,16.414591859712896,9.433875270844043,-16.610914103575148,1.8096829850050686,27.610204583191347,-9.927497381256197,-8.966968195154491,-10.053181816707403,30.769571317461516,-11.583914620683906,-10.949547008478511,-11.625195629624141,-15.914863527889889,-11.259459564116376,6.812390935368404,-3.8043697633108198,5.730355379217381,3.682116906024315,-10.109493840521722,6.121517002448739,-7.400169793767267,-12.35612566528406,12.32331189902344,11.90598080800966,-0.2578481865783022,10.192240220614705,4.764907586792252,18.382922256539956,-19.12899851860487,4.140697322404578,-2.6284591795060637,0.6540498375600577,-4.264114277007527,0.8298110703656532,3.843878591127105,-10.573910012920363,11.822593642284312,-7.308390442516161,-2.914221898842464,14.375058744153586,2.044140077618237,-8.982295048680015,-1.4635250706594816,-1.1162601493182467,13.509052975007492,25.260631287086696,-4.134160329807801,-1.4227019404482888,-4.923003569747602,025adeb7-dd68-47e3
20.375014960352487,-23.5464991732307,17.68191880783897,29.37112595280231,18.792165380182997,-9.011890981852899,8.256895708548624,5.011223230337097,1.1034821179180545,-11.324828722761954,-2.295382284252472,-5.9663844166380775,18.310044460472692,-7.190387261212319,13.143872826497487,-7.1462555621689425,1.5683734732428556,30.52892752019654,14.623339932823743,5.893631551807351,-5.0451866290048795,-23.13703857680678,12.84069928077929,-13.214009967788405,8.525785306209112,40.72633407163941,-1.3455119373817912,-3.3017788774779553,10.76033554331546,-2.6698510687809938,-18.276938767192505,-9.459714566744706,0.13822595948565236,5.7535156817495,3.434681538547339,11.445657719035395,-5.397616775394252,16.559905961583393,12.018715548699134,-9.730972388822602,2.5820448779867564,5.125214205207609,-0.11203228436113921,-0.237982499837639,3.206687310281863,5.192057583052487,-5.530940359176936,-0.6150188730245784,0.6243990695055909,-1.189109943118286,04d8b09b-f8d9-4c88
42.44728933086984,-60.27203912082895,-23.081313342432594,0.6523479228115052,-31.620834621072472,-10.898909306836797,-9.88667276740431,-44.980233281143285,7.969834788855961,0.3013483737296774,25.17274534317195,-4.543229473405537,-8.442323493337707,-3.1202827917379725,5.141882588011631,5.624554332525835,-8.770779461808287,4.5946588275786295,17.031866093565117,18.324027080394913,0.17568871352456833,-0.6589268663585366,1.7426525313187902,6.483864521938162,1.0867206117340853,1.924663201586782,-24.837782226167548,10.303127573952368,-7.356649691067997,4.436965741214909,3.8270672461450466,17.129025749745104,1.8821162237933362,0.07260894476598365,-11.721441950957306,-8.663039075874998,0.9692783690237491,9.31605049781923,9.604650532841477,11.502532436393077,-5.438651991162942,4.746237156022505,-11.316310381565954,3.384474017927875,-7.1070701017024795,1.4294976960228367,3.5134357297939744,11.047268923320393,7.975817467208227,2.7083607909833347,05b944b7-1530-45ca
-54.51140053930059,-5.241209847018345,-22.88117316482428,19.125797499642736,19.30278158925827,-8.750947902734017,2.006416703319091,2.2747370486328866,23.91010354303378,-1.6924510361252196,-17.3962473405395,-3.525186799756558,-9.284887621998262,6.550435594611853,-16.877827596118326,7.199042543404602,-4.708535992662314,-4.964265755824755,7.147998425430086,-18.233622451574014,-3.533914115185087,11.346011861753347,2.651865478069938,-10.31217599541276,1.6645659325533781,-4.649961304240067,0.2703806487888547,-11.2055894260778,-4.953552267062792,16.766519714080907,4.09597848249812,3.041304150296539,-17.499005238255492,9.691694118453182,-4.2527939452166414,2.397324423097102,3.0005425366296286,0.9032996715532656,3.4730704407714437,-7.487922053318475,5.211689019223665,7.857362359902607,-11.508869462586205,-9.930186581385664,1.5175587178410292,3.232839761890773,-2.8699580535110534,-4.1793296752092095,-0.5092883451249194,-12.251851965588124,06c4729b-31e9-4795
-33.786864355824555,5.992676950537549,-23.90013689010449,-4.268757972046132,2.2636404938624537,7.594887273572505,3.050790551146959,11.507498958726345,19.413241063095615,3.041986460591605,-3.1664546830357856,0.48467746122009436,9.356772582126279,9.410475572988252,24.587985192537104,21.577759305301466,1.5836371242247802,14.003916141656108,-4.184077573975413,-15.566830194574523,2.6767490369849978,-2.1744549535727344,4.852330061495977,20.705945735478814,-14.303176330964575,5.004249745590906,9.660152926971488,4.150626482842018,-13.093444957372006,14.711808384910146,-0.36388449768829584,6.1426756866329235,-12.369004744268569,6.4227099966629355,13.070033231829253,-15.52985042533246,1.204016316392948,12.035682568595647,-5.385922922654377,-11.688976209487508,-7.14283854191987,5.947706561557535,2.2899662961426785,-5.052950050990453,-2.046670817934267,7.1287394305061,-1.1043219419869112,4.3878427724221165,-2.103417552120021,13.196380079197697,06cc0bc6-1b36-4318
46.72405521107069,20.843415105760823,-19.498171327291633,-23.97741037237705,7.599274493740502,-4.186156535179398,-11.691826380753076,-0.565311717314152,-9.656055067763658,10.446648910353524,-10.931898180417356,-15.387777792672091,1.7924488461846715,28.276166147624025,2.281026306106566,-1.6851298804071306,-4.534497580536769,0.44945540014139,2.1964332307565315,5.0203383374289805,7.920283639368028,-4.867014437980529,21.64216353604457,-5.4944382526058515,2.1947763893829375,-8.140186296657166,-2.665698266663819,3.4605542999625367,0.720131345036381,6.318451711283039,-2.0031207678691247,-17.270474710270648,2.2355048222501765,-2.4581360077404497,1.2523541197493888,-3.811743303007505,-3.367276764908598,0.5209333314141639,6.496893679192549,-1.097275357464984,6.403773160808889,5.535337349597764,1.6320392420676173,5.39574387761365,7.2621809190468785,-8.014367145963753,1.6557338979196765,5.642986709908471,8.078979588907337,0.0838653862947332,073939c1-c857-4340
38.86378728064581,-49.209822858946985,2.168204297766289,16.49988576487717,4.094877659024088,7.87875171836923,-17.42475967260995,17.986286628671966,-18.58810813402286,0.0003829080938083015,-27.097481014697085,3.267078734195446,-1.9300732287552502,5.931592113170002,4.22648275786616,-7.10149303342524,-10.686123501305861,15.71174523918592,1.7016158378802506,11.611160090294291,9.058220394891926,-2.1526762498074863,1.3468152130706794,6.109967760698875,-3.528123091397737,13.605267436509743,-7.474683850210436,-1.8121700913518548,8.382300893672625,9.299947788518386,6.5937742081786626,13.491493627888948,-1.8077914890090019,-9.1269979701863,6.668794142308416,12.200962579934307,6.30668132274143,-14.748710926543152,3.487320121655684,-3.344305595075249,-11.62171043079705,-4.489931783776409,3.911413685811007,-7.597503144623814,-7.731480915604281,-1.9978438998023045,5.58518401832003,-4.560363402782033,-2.5359140343464404,-2.9334346321055165,0910707b-5702-4cdb
-5.2713619311029944,14.894007226852912,32.078617886649965,15.01413522891469,-22.350146704449518,48.633986862691,19.862007932598463,-20.09077094404711,-0.5484758457963252,-22.807084943298214,-10.066409542701631,2.4007182252834296,-8.250675879529126,1.6039409398308297,8.042018409528064,1.3082050726627745,1.7156247039264871,-2.9586979769797765,3.1239515883959457,6.400515728404598,-14.558032421945333,7.418500318564108,4.4269500191506586,-3.0623072547359556,-6.419161895338666,2.978126762570858,2.472783589991045,-10.84873543288887,-11.192094999740496,-7.138966965051923,1.8036966347997143,-1.2963021669321626,-3.7381111435820986,-3.1806599718045345,2.9666553740165282,3.2237906884622847,-1.1758852432464049,-2.9439810784249336,0.7364961971883571,5.329703738111468,2.5384852866490935,-3.2480735944596786,-2.334291001383153,-3.0235902494013356,-0.4082356230342282,0.1142552750142831,0.3520719848827831,1.2576180923242517,2.0411354927268484,-5.928465343499255,092511fd-d7f2-4d79
27.866690529571063,36.82450657394416,7.041829973709792,-17.23671535429901,-19.046735657989327,15.651617748684536,-6.71793222511281,-3.166182939159217,19.602007543419212,30.029556437753623,-3.603166826839515,7.951441124873731,9.241001720287151,-7.192638214264361,-3.4846625827242876,-11.055065355983162,-3.5796504244497074,-1.3740394626024144,-1.3047283551447058,10.332917761352219,-1.2087760948399755,9.27887590253609,-8.09074252740091,-4.023130711877577,-2.987964318528857,4.356117154884539,-7.115123965094548,-0.838444994234058,0.9191115600243375,2.67080039768815,-6.705863479699166,4.629509010191405,-2.586884826818867,1.459780530151562,5.591296692939664,-6.1509561432763995,4.78028597614695,-3.2111125590713487,1.6239999824300315,-5.593848972748001,8.987214760022063,4.583539285704516,5.8691311407958375,-2.820029093217837,-0.8971262099834912,2.609396043147082,-1.445444181799001,-1.6129222712552314,-2.1710352673171145,0.8442758447618429,0965a7ff-1a9f-4cc6
-54.3481599773082,4.529503750160776,-19.160132513116302,-1.366283212610132,-7.28856653231594,0.11253201817035513,10.573585065264098,14.18198649689844,30.06205467812277,0.4646143822427127,6.488653377298687,16.89202253977243,10.322885438699885,3.9317430458721705,24.51670067459041,2.020148572228956,-0.9728419398028283,16.823868869510655,-4.425621404545623,-6.14366501057207,6.516754976900732,-3.457341014909014,8.560995751029429,33.16333371445191,-11.424227564513346,-4.408114597838656,0.5637406098906041,-1.9774972408841205,-0.05972740362564466,9.798440165902505,1.9555831921996856,-0.9748257110309368,7.17357584268753,-0.22388357937384545,6.01385972108702,4.912855614446366,-10.262391132226476,-2.4842133516744225,1.8533367344091412,13.71273261400386,5.614250717737157,-13.58609835280837,-6.994770035127019,6.430505346124016,-0.5224391810574972,-1.8325480474371227,2.090349194976333,-8.196070518802223,0.668554980688233,-3.065626767596038,0984499c-19ef-4174
-56.54074095769879,4.060533549813285,-1.3595385911473363,-12.766428706933715,-7.573086428976227,15.205643512880325,-7.861660860576727,-2.8505730396376734,-23.50423354500638,10.96132232248021,5.428105470769912,-3.199170598921625,1.8363693659102112,-9.431397368363905,2.265531951722462,-1.0724287242253114,-3.204991333062738,15.289776566438336,-2.9137451104408805,4.4534667748590495,12.76594579481421,2.8194864690813612,-8.073452003204373,-1.4836067257893766,2.2906531862210273,-2.53451399441287,3.750612917335047,-8.321056305380656,1.2645424765799271,3.567087619473508,-2.6072928530940938,1.5185778084818513,0.2936843580258421,-2.5580383515814744,-2.9200575137988514,4.8207827074198715,-6.533136538306466,0.6697880399360481,-2.300084778183171,3.795029781918059,-0.4528690343544728,-7.039275520062388,0.03971723286251268,0.964307046553314,-6.981578973300902,-0.38354177241184295,-6.792599597035762,3.1636199429167595,-4.139113334763799,-1.0717669927667073,0de20f2a-7664-478c
31.791519927277232,30.49528853971487,-3.423397063613098,5.582403969263883,2.4284539074053213,-21.43806790585431,-9.626261142399192,10.393523509783607,2.6547379932475725,-26.99349821045713,10.901833187308807,7.55480187517572,0.36753377962423195,-16.77341354261083,-0.6134517265799294,1.7845488520045698,-2.515519722816387,4.569879911302999,6.64034129685761,-0.5916914242426763,-4.04864226563369,-8.18516422512407,-3.9307397442050154,3.7740127080586747,-2.78285464494762,2.430139811876863,4.5104152653076515,-5.787552695682423,5.825813555716547,6.698385084972582,5.7055422944109475,-5.347841900434807,2.5924796814384816,-4.7061265850461105,-2.9501987896365653,-7.655649433576679,9.596872283944553,-0.17907832784187908,8.48066117595875,1.1715943809272302,3.257455132234602,-6.386214848036615,-3.2438239375860523,2.100705861290627,-1.8466514701273304,6.028070627048374,-4.68950478198666,2.116836593500213,-0.486619194853056,8.801738984328606,13fc37db-3160-4e82
-39.05196631996612,5.265688244661275,-20.75790182744436,25.757628797556862,19.05412163275473,-1.9820693382041734,3.014169473762989,-3.8028322167768023,12.770160064218846,4.608638336688589,-21.619518122579827,-6.483704365665441,1.3473320738182413,-21.6610534178195,-1.6179712930088337,12.620098492494511,18.56153688651783,6.9027406878586905,-2.1364250395161823,-2.626010652226086,8.245988453422216,-0.5982045619422226,16.38160541796141,20.36561269943705,13.388868297025478,-2.751739731203018,-3.696057513465715,-11.459580775398438,-3.753484962458712,-17.033458165181443,-13.043764818432393,6.317944751473862,11.320375210891257,-16.403170715649775,-5.631757195714754,-10.262850526132219,16.612623477643957,-3.4675094542032663,-4.617112997122065,-3.740082784895243,7.431728694914884,11.397124063504096,-3.505645359148741,-12.86042859681839,-7.312344634198986,-18.5021937589403,-2.125294729149832,-2.7449971492211036,1.541379869300458,1.8465678222257411,16d289d4-a664-4827
-68.43195320373056,-3.512843647556712,-19.67773600988077,-1.6720450019444955,-0.3239392557498752,-0.1983516842772679,1.6254200639163723,7.6371878655309136,8.289726225178818,0.035538034506154115,7.492883238382247,13.323200884628454,-1.6562039936661521,11.172268711958042,15.03338393263923,-12.991699777470929,-13.548257099861559,-6.4557978987741365,-0.03501736891021273,0.3089398257609649,4.04317712951735,-1.4714348739552032,-7.892583127814661,1.9688174732923434,1.3261167780865522,-2.314204835880612,-0.669522361358006,-4.533071789927726,-3.987351536380153,3.1733305136201433,-2.922130308072295,-3.7538386922239018,1.8822898943406892,3.774546145439404,1.0746970678055174,8.834843157161377,1.1835637212624628,5.538571927931594,-1.4248033002664078,3.2143021579245312,3.5017935055098697,-9.307380719670416,4.258576748200503,1.695175928158137,-1.4376552097991044,-4.103724836206657,-5.93701956667829,0.7095997963209683,6.254432670412951,-4.047607935981261,17fd3deb-de89-494c
-2.3108886545082035,11.25358743208525,43.1970682476289,27.259247793707775,-33.269548840885584,-29.16618217821284,14.556424163431679,20.425121149795515,-9.993289329399818,18.722461584545982,2.9342105401598535,-14.450643993264183,-11.433436898325402,-0.5821214118151923,5.3453886468439835,4.286816487303892,0.040200459912612355,-6.434411254917612,5.3017005953995415,-0.7235351528804538,-1.0715049335655629,1.8645191352300956,-0.13856177621541396,-0.1505167494606528,-0.07329346826291407,-1.9058248247105194,0.4035822488980179,0.30117055555876915,-0.9219584851177914,-1.442721671774916,-4.355818040058516,-2.8826181574803145,-1.5362500456947505,-1.0051049208252891,3.311883068056094,-2.269073657078408,1.322274422108228,1.6907814138210728,-1.8757562122756848,-1.9008536189646186,-2.072353217615444,0.8597787595898947,-5.03674078389654,-1.5369361176556613,-7.962656092910328,0.5586345043533114,-3.5711115055336635,1.6903605391547736,-6.212622550668815,2.796030610886505,1a861cd2-321b-431d
62.479390859804894,4.2478438667131435,-64.41068165465217,-26.832560390009807,16.20892569461809,-18.861170005649175,110.66795934149603,-0.5665650615423891,-18.588872113572126,0.8704670766968412,-2.889206273929712,-0.6327913328487563,-14.761835088876548,-9.039520497432251,-18.018943808072382,2.740171190884286,-18.78441099879549,8.653281983922056,-12.544749778342135,9.099868394863012,17.528611825571733,4.846916535703111,2.8042500483671255,6.089397400109861,-3.5894803065586944,8.251818093403964,-3.01695144152115,1.2142580660974245,-2.406169765553148,-6.913095732290392,-0.5357008480687309,7.249792853370713,0.6318401691490065,8.925561312160287,7.981308052914429,2.7488150503907374,5.139674188763174,-14.707706420633878,-2.5355719576725453,-5.125827383112315,4.420726016328252,3.4319241488185157,0.09736274538755514,9.224552531240068,5.085253452825339,7.724670347617952,-7.1073851463822635,-3.3422832539654874,3.72784114105572,-0.8354050189405736,1b392450-2b27-4dce
28.47858577191721,30.676719313416726,-5.557259064435214,5.4199666300282345,11.82257296944365,-11.233074071796311,-12.046165833379094,-9.58301433818036,-17.603879961077013,-3.6035663882635336,-11.304789984417623,1.8080845199586448,-11.855436411890558,12.839219644294724,8.533716458230893,3.8992573229517817,7.7831975092913765,8.96247923814293,-2.4001404439068246,12.386270125162781,9.165929452533664,-3.2688165441218753,7.6849135962719926,-2.8983116307363956,17.069399649167146,-2.150104980178608,1.767275167208622,10.745126529808616,-19.140045416765123,1.9960228390939028,1.6888540815345696,-2.179284216682748,-2.460634184245935,8.625033230348118,-2.244571534475409,3.1034781352065712,12.123669519159343,-0.34003081608867114,-10.587887645236378,16.010371919603656,11.451051013685388,-9.938958020703819,12.687324291997609,-6.249046520313965,-0.39482690924506897,12.375734204172929,4.661615223993335,-6.381926546007602,-1.2946346380798965,-7.242298706728308,1d468785-141d-40ca
-65.95194737874209,-6.165917195561055,-22.96320170609708,-0.2969764885201813,6.310376465671638,-7.316245575129086,-2.0754660106596354,2.8133045840966795,8.718149481546082,-2.0491155509280397,3.774430139872833,0.5630867401406191,-3.449597201407287,11.613639820969835,-5.359339825750949,-17.187911566864646,-3.967690028691767,-18.787837099828202,5.552380732729571,22.16408204857358,4.0021899213753755,-16.198458272940474,-0.8782621619319056,2.392481582168216,-1.57406665548918,2.556820265683735,8.797514611019597,-0.08026217090706547,2.6899279121089426,-13.139346432680862,2.64077779181012,1.8575892802512768,1.155545365471913,-0.9286749314610205,5.220767716968602,-6.218153348931943,2.1576452252408056,3.4529242562533113,-6.82909372049717,5.012737765180793,-2.8655911775928664,5.391873309211048,1.273637972259441,1.655550194540178,-5.120211169560012,4.979972776125159,-1.988266793070683,5.2259153210776965,-6.07416352553833,16.14041845568924,1fde266c-c236-4da4
-9.375690635220712,12.06297146829408,52.77494831266913,39.53122745792037,-32.829533751487496,-36.37859321265771,12.436902953364058,17.092285995694585,-4.898318589146952,14.439083882510856,8.353217937412227,-19.01117267663951,-6.727886799529612,3.0105590148440493,-1.3568551634909238,1.2392728727812583,-5.211073085655858,-1.6233178386116653,-4.031367767173741,0.10489286834390471,1.8179099095874673,2.8788205683755903,-1.973947454831935,4.98368118820782,-1.8087733985975694,1.4258644142195795,1.3238113007802852,1.1862077328695781,2.8868530366070657,-1.9537471957552064,-0.7820969839596236,1.3179383686203268,0.1266208350337733,1.450814774249871,0.5844908253827429,-1.4650490585554745,-0.23038224054797363,0.6992101698677647,0.10215613296931104,1.37177378504568,0.6231071234903574,-0.6604193484129232,-1.9343440609100004,-0.4980152650659159,0.3491973267377883,-1.5494153262000634,-0.11459708586121133,-0.620326452292099,0.2217404148764784,0.04609995338820323,23c50b39-0b88-4ad3
25.830747802624433,11.306404748378965,9.754732434955011,9.800294858113984,15.944630261322864,-0.18345529427346935,-7.912767546106764,-39.6307261769093,-29.09902422435604,26.030179950153716,-21.427845631187385,-6.226019449519963,8.262676065204467,28.979148459428686,4.505111221165974,-12.774864209655856,-3.104914828731614,8.904128975644433,1.7431827801396185,3.4742879806983806,-1.2841901495397265,7.510487115157274,0.9943428266353191,-7.709982630814076,-3.8465024159635317,-10.280460606437572,5.501199487697269,-5.213364162602873,2.086245185743813,2.116493809437037,-6.487454903090659,2.8874501391407383,9.979085390417506,13.340967228596567,-4.791750213101015,-12.12904568379378,-4.081515020193839,-0.015824487205546457,0.6079108972523471,-5.638357879276518,-11.850892553521213,-9.459282277293514,-5.167717051415829,2.310217899423851,-10.916855192616707,5.8331780656600305,-2.183301288707718,-14.951770579182842,-3.2543181161135655,12.396277364721994,28b12d43-f858-458b
23.260744226055166,30.124890521611682,-1.6119334159996315,1.6183130603988598,4.176115534872816,-8.975403035444144,-12.136882547777478,-9.027917719363867,-2.4370186702187135,-0.8101843791859277,-4.954298227738482,4.482749273545419,-10.466627021138912,-16.668397475089254,0.7437260553511859,8.02440949413311,-4.190791621587876,-5.658112174711676,1.0183445436122804,3.285051066477005,-3.454521569636037,-3.48257155799879,1.9727239100138139,-0.1394544623939908,3.634005905522357,2.1761753167748914,9.318095024625903,-2.440109386869043,-2.5464842678006043,3.195994623297517,-3.779661303129781,-7.436182025631344,3.7162830062154804,6.087869178500178,-0.49335115787901646,-2.9077430606434396,-0.24680460851915528,-0.9190820753592115,-2.794022421597469,2.15347525554345,-1.7550444611985596,5.251473645817463,1.162980365922221,4.402233183317989,-3.6130494820293904,1.8099358224220645,-3.189944431987568,-3.599756468004946,-2.7480006604580303,0.19115704780647805,2e64abe2-6024-4d28
-55.833215690219454,1.2254385644502728,-17.024926528602286,-13.268589257407731,-4.782668867485249,16.139825108404356,-5.294007650460509,8.375469205511088,-16.399277148846604,0.22283112874364022,15.766779278952246,-15.202099662648694,12.61023100187642,-11.187252668143483,-9.536872240786366,-2.6190338084862526,16.227688691759337,11.043231471652483,-4.2828427635447,21.553745249657723,5.268057433065754,3.336967266935845,-4.420471267928974,1.055016347154219,1.9392128494426315,-8.96360060305569,8.548312186805868,-7.956910618098779,-1.4312343620479926,7.323673682611204,-3.534045061068719,3.0600765994363823,-0.34904308096901965,-2.4791906529376817,-1.3232166423827463,6.356310341631043,-10.32958387587583,6.848947100506259,-0.5985598439256661,-2.7057925310349096,-0.5769635000043905,-10.203408043596523,4.626773201056476,0.6323073755267783,-3.318466128577093,-1.91564780310801,-10.395660887466907,2.2893076518880076,-4.1290679529236325,-4.957109676256956,2efca6e0-4edb-42a2
-67.2224006153506,-12.492570048908153,3.4830121643031355,15.790229890034826,1.2812571992081372,-12.670607865998075,5.415610569272214,-19.54286628961873,-12.87705720900223,-4.290211062488952,-0.18247443785543668,36.14418547325392,-7.32383002042727,7.488362110559832,6.827569471113453,-17.896044620783215,19.62808254335753,-11.786220627432417,-7.125856251854987,2.5829686170200774,-18.770711984954307,-10.521731245222194,6.364562863572307,-4.442829557906013,-8.747667164230926,-5.428438912574888,13.988632280751577,8.36898543977691,-2.3564581458191176,-4.867784601903722,-0.5695382353055948,5.317085191436223,5.691197288584301,-6.119293385949568,11.968122875225424,2.816108293669573,-12.25023103280664,-10.221485082820834,7.522513282011619,-14.665807795949332,10.632231687464353,3.904670538676981,-10.299736148458578,10.844137359087387,-9.722697902905931,5.681735846502274,3.3048621854434184,5.558683020094287,10.755092015617082,-10.121451961950555,32d1a985-ad2c-4046
32.82926036874259,42.97697299344321,-2.2910830220043157,-6.215801186354847,-0.21300984014665825,-3.7638319074150335,-10.164258784275136,3.269856593713652,0.5162939028788466,-12.301687793566506,7.157299902165311,8.761248814616225,-11.927785866795832,-2.124984833500295,1.655228459926139,4.116763099496931,-2.2406851874656475,3.2292521714388287,-1.3141162391026555,4.994451616780175,-8.940237952067344,-3.219640482236907,-8.014237994151374,2.3886030191261387,7.32649344891015,2.5284240182678044,1.4883545754556076,6.569239770972633,-1.3423005897527729,8.451856664962175,-2.149817418778873,-1.5212576276844412,-4.742350388742514,-9.541726605693464,-2.8289858271713375,-3.1535843838103044,-2.160180087815957,-3.8831619329111513,0.43826988193769534,3.270477685046501,-1.2507356246558565,-4.221589265448448,-6.936894900593122,-5.864313749181503,-4.915497982716634,3.9388946854954114,-6.931530979661061,1.4802917214078697,-8.775167159454073,1.8222710271255778,36e48370-2ecb-4d2c
46.947684056327844,-39.38523188660843,-9.695202074232027,14.323195136454887,7.77515857036008,16.10384040223965,-9.141974742914021,19.55923808184809,-10.034056723519202,0.2527281279489591,-5.519360220031673,4.10916925308746,-7.297246155763467,-5.662588680227596,12.512832237303531,-1.2799441027197773,-4.330299739325695,7.77173922933533,-2.6868088120195823,10.283958756770657,-12.325492873097549,0.4950116514382902,0.2723690152481854,-8.406229070472369,-2.385170590797267,-1.4773751702673161,8.167092745756179,-5.5106170932582375,5.101276678950672,13.443929271082483,14.09658737828832,4.610754015884323,8.669858309940818,3.5933298035715064,9.642371031523469,8.344397917518242,2.709820943690832,-0.29578251121973503,-12.634563782402907,2.7553611368736632,-1.6976944544444352,16.875958814480494,-0.8365811976727755,3.938641103277172,-4.451076289139998,-15.522584727971836,12.144673967194048,-5.993086540869947,-10.346983926426034,-2.5741732752382447,375b4ed5-8e57-4e62
-1.9361760838721025,23.713086747098796,32.689324810357355,12.213930785426918,-20.432210987929626,48.584002206242054,17.329390226928336,-15.254089509115236,9.829777853407538,-27.660533883177333,-7.985721005971918,-15.632329503754994,-0.5130245177703852,12.283803070381177,2.028570872776306,3.588273457570704,-8.856279238278033,-0.8789132401707778,-6.1979393053826,8.993663490678031,-3.610188551632009,2.92568416320905,-0.8731653191584153,3.3678289357046807,-4.903243145900943,7.202807259767876,-0.8816405256030458,-10.350619012354112,2.2094372569666767,-7.813275890921204,7.070974165834808,-4.246655182424794,-1.1187061131491798,0.5510810474183948,0.7676443204635262,-3.281920499789482,-5.611464970853569,1.0875018087640533,0.8331534760838044,6.168173804817069,3.465642989660255,-1.6475574963029163,3.583467548010838,-4.066302020163513,0.6350960717445401,-2.2408449163021364,-1.5760435901274454,-4.80850250592501,3.225306305921425,-0.183717360474878,3aea1b4d-5ffd-44ad
38.77868973140879,36.01142918245677,-12.751655031450104,-10.795971437147616,2.6440444338328355,-10.573813047920943,-15.224232468315275,5.031317104499021,-0.8859385907799546,-12.93021355170893,3.6166955532355782,3.327150496441647,-5.685052911876213,6.361215102894047,-1.9489740924143335,4.294972511211291,2.425958296001282,-2.527528068203256,-4.260495853776906,0.762210254340903,-0.06423678469097739,1.0754477571061267,3.5997339621752675,0.6224191034415585,2.679295078161983,0.7647685953605702,0.05024765664200518,3.718044679896034,-7.502408856448461,-5.475344322774731,-3.510838299615132,7.958252740871707,-5.4808662239401125,3.6645087191600108,3.6358912711144895,4.096206018956699,-4.567159556565935,-11.021506755758848,-1.287037926603131,-0.40208125321522564,-7.4653851909407996,3.220015122431265,-3.5488658718126005,-4.610058735928833,-6.1279988762518585,-1.415470996275688,5.637676746249223,15.101618264498569,-1.4906899434058294,-4.18218972182832,3ef3fd4b-ed5b-41e1
-69.75644806764467,-2.0775339507033816,-12.564053639453315,23.874398755051637,14.981417897103725,-10.857896406523789,-4.342702329543444,-10.093315791066498,15.270267156677376,5.029530469723928,-20.106450576560327,2.4038906284708705,-15.26584115821949,5.494874623162384,-16.213844759999663,4.642441659814326,-4.56191195120671,0.9022394503519074,6.479299798291258,-1.7837114494723012,-4.251559670645447,13.760060806108221,-2.780740233709614,1.5527413137564279,-2.40394084170396,-1.059568419078566,-3.8627176712946856,-2.8593074122102418,8.866511187632256,13.792226499925917,-4.0773711359379625,-5.726206999640894,-6.255200409113154,7.7592715864396835,-6.350669579601446,1.4189492075705021,-2.8465065604646513,2.688048588346206,5.397775581496663,1.973084311147053,1.192906500199393,4.696937729103874,8.419748986997762,-0.8543211267421689,8.831864654057933,1.9973967000295902,-0.039882897475296046,-2.2560626781865625,1.815717787836859,-0.4528643152548354,4100a850-68a9-4bb9
39.360876292625555,33.51283811009231,-10.006201901574602,-12.959765839464934,-10.57946066322197,-10.606916376468925,-10.81270132617605,11.983773098743098,12.284024157985769,-14.328889072109352,8.818814874603001,6.089521866049332,4.823096566817016,-5.8329140964664274,-10.575063089643628,-3.619017603376113,-8.955409602698245,2.6160037439567727,0.7860128089110654,-0.30754907530166864,-0.6748554413103289,3.429556839481689,-1.1691534442145362,5.726933496662382,0.4580040099153833,1.303010091066345,-3.5738124647742984,0.42114963684640305,0.33589500765469876,6.655191200586079,-1.3674064367092562,-0.38777578976821864,-0.6813063108744567,-8.659768123575295,1.9240551183701662,0.3192930591859867,-3.6375125189946025,-5.047615978085134,6.790408738197856,-4.592236892937576,6.154232289556757,-5.562792523321485,-12.081929514870138,-0.5607172076815319,1.9370856939126466,-3.67666299229352,4.593464833894312,6.803255516993765,-0.3520704626588313,-1.8117024584458217,44df0b54-867f-4aef
29.15010932078022,36.73449011522095,-10.473184638770418,-12.478542326903828,-0.6865734365418175,-14.910020527047864,-13.377322953315064,9.242835326142274,0.2542667354067012,-22.708095005627026,9.062772562805698,1.9676383440324823,-8.48139947187486,-12.527966470844941,0.08527850805609523,9.71975287670008,-2.7706164864575342,-9.418831609326858,2.019266064644235,-3.3165725558491723,-1.3180703814820245,-2.628155352286882,-10.782946365222092,-1.671634023272282,-3.9539353833550317,-0.42926652755985767,-1.7279829984268473,5.6175317563638005,8.569780502533188,-5.864303215113912,-3.7774111010426656,-7.233723898392103,8.739418760985194,-1.1210085889908963,1.016445596215189,2.258569125877491,-12.566219828242303,-8.18214547217791,6.481226932449691,2.7767634465128364,-12.6825264014104,10.94766252069079,6.037607450246471,0.8585952579952019,-1.2554030461140395,-6.43973871390852,-11.106190827297585,-15.6973069082834,4.663545974259764,4.23562700742637,47bdf86d-922f-4615
21.419774630460452,-11.700940924270933,30.267024376339418,-6.327278486393639,37.22480266065653,19.245730062382364,0.5171268469424393,6.945909110939287,8.667197040710779,13.555438640041185,27.562799346206372,-0.22098625556636717,4.454094800645722,6.182106612518582,-4.532809246767491,10.276345612140616,-2.68981095391219,-7.105112017258518,1.1436670281676016,-0.95293495111453,7.78559310355395,3.139379872868782,5.412827122536339,-6.393852041615297,-6.000031081904133,-8.108034805329867,4.238014282661048,-1.4656495534547502,-3.7757777645851975,-3.568447373857589,7.515166194396871,-2.756444808558733,6.405895198486602,5.231026625858767,3.8076717121389687,14.754190533249323,11.329838640539283,9.727359250230915,6.7134227742088886,3.5896357091462994,11.915873567790927,7.138866017529298,-1.6018122608078664,11.433013976547796,-7.907518121021047,-7.5232505181281075,-5.970943221206243,-7.173556742479019,3.936936601781772,9.46032320329395,49a701fb-7260-416b
28.991942635918218,-50.590998245744785,1.2677552920932555,27.600582259664485,8.83523677344639,-0.37099135780881004,-0.25566984529239384,23.790417622671097,-17.47690656406909,-9.373728549632181,-21.027688117524402,13.425312741860035,9.356677174213873,-14.61734793767002,3.7950031924890855,3.966459177424025,-4.566274677741642,-6.843987619288646,13.568228130361957,4.85900762161637,8.72060877841202,-3.5470293311377135,-1.5306378257361581,2.4514919353191376,-5.406529532062576,1.4178321016825288,-14.302525268996812,2.1055047954477284,-6.220306322770068,-7.028989651168945,-3.5442464339925204,-14.716402878375025,-21.52084301891058,11.669727093695098,-8.032628883126659,-20.79615903026662,-15.93357029129117,-2.2335845436934227,-3.032238233214984,5.486268955567849,12.228213907308456,-5.881255880708938,-3.476103391080136,9.045363689527099,-7.745355120965211,-10.720660304067625,3.2660846132285597,3.0443222420821234,-4.904320810243712,-1.424029819927089,50d5cc4c-7c66-4798
46.58397224620126,-66.62161303157357,-12.72926622500012,15.421510063242083,-22.002522501948533,-0.09182808292217408,-13.831548952480901,-4.248195529762228,8.682600402565129,-5.223539001295863,11.126092964090535,0.7558911920095988,-6.9873954996768965,-3.502952446305151,-10.495747417110907,-11.703646603492913,-7.939318775707921,9.017082060779877,-1.81947559809677,-1.2764109281223501,3.473448239951686,3.7223850623280255,-0.03910297700709413,-1.8973936855425309,0.6223858492022731,2.8607512095422427,7.476317774791318,-0.23162298183428998,5.0192966567622115,1.3961984067181303,-10.130344604597182,-5.951667466130407,-12.173339735772652,-5.253935629002047,1.8273144837853779,2.9464816255952213,3.6313496501528983,-6.727083701043136,-10.919769285988496,3.1104369354228867,-3.0912546394282256,-2.188439636314714,-6.866069713820646,-2.8850159800643964,-8.213493681236804,1.6183962769820552,-2.1408596750427864,-6.758671857392694,2.6535464039913528,-10.328045772722117,523c76c5-ac4d-4a69
47.78470323187908,-50.057442343043164,-10.205265734415295,28.444552024096755,-0.7628971235055739,9.110953529289535,-12.403939691368539,12.515855305100537,1.8993098959671542,-1.092761779867534,-2.3193035671104623,-3.6083051728413413,-7.858496903650132,2.776400612381347,-2.2181843975246105,-16.25912776787004,7.290040159809564,4.990812462167993,-15.73899099959783,-13.430465364872388,0.021722707256817547,2.1685739396525934,0.5132523414983476,-7.430901697048096,-4.16615091158513,0.23540373179426993,13.952435560826956,-9.766112234094784,2.5553387229821536,4.946682883145592,3.3983886337441795,2.670417954474974,2.282713538845102,8.890899897131503,11.2429799944823,3.9547646975821777,10.237706985246694,-2.3361224972582812,7.249367934377444,24.26244638007143,1.0753232988824746,8.56240097768154,-5.110685998783904,-1.4681211583336309,4.663798044836426,-0.5102898436338593,5.596397085463729,13.184420049461924,-5.682892359444455,6.262906904591548,57395707-26c6-4dfc
-7.689355969536961,19.909374851365712,32.329226961840725,19.798572633309046,-23.549893960223997,46.87787108507355,23.14478580293138,-6.099100650453519,14.981373857784034,-36.503755105966036,-10.077011277225152,-9.342554891804502,1.4873763636316673,3.4932341405988714,-4.339923376847806,-4.679843682719811,5.369414500377483,-5.65520108758234,-3.726110463780921,-9.859826115633323,16.880452560436606,-12.633407354492386,-2.08696102506511,-3.2368942906515037,8.340864044579876,-11.202515018937824,-0.3088516962335411,14.042475410838042,6.528439705174051,11.93968374127485,-6.900705718748914,5.303192111412804,4.644283145231103,2.7304737893383595,-2.3586484741922233,-0.08044277283533924,1.9670074018796524,3.0023411150880492,-3.5649580125986384,-4.586639276989639,-3.4406994609383608,2.8112600326915658,0.45893899126796156,5.904442041723033,-0.6777540890606296,-0.31021464077636796,-0.29106425519205376,1.5733918494954382,-4.0543555184045825,1.2492401754584215,57e61ec8-c47f-4269
9.446557014065887,9.337182772041352,4.314955313038264,32.98322165387364,17.9697742741759,-26.88120874119206,9.475455073404566,-37.26621297382,-5.484313804800675,2.4961272413072337,-22.919289997338524,-5.681310577151693,40.43830629120943,-4.539313369949576,3.8207055075684524,-4.296922673365651,-15.5686401485479,-3.05670329357562,-6.032998492107924,-2.040972296946492,-0.4927151151916754,6.287264180599341,-20.48026954625549,0.8158716119694449,7.348032155816531,0.39357404977396804,19.814563529530567,7.779768609493479,-9.392741001788664,-1.802485837900891,3.7406333847836017,5.771597971721543,-20.163229783960343,-20.47536143432251,2.1395062142431343,-3.8296454566822837,7.104978941964381,3.4269172274628743,16.465671669753547,10.3301250799967,-2.9710684162956933,1.3784166637988327,-0.6842466502604557,15.228342074797789,7.6432027821853525,-9.167063444844898,4.390589451191454,-11.196055993536874,1.493570864953817,-4.173054506408528,5842a066-d158-474e
-9.492795194147691,15.63489863461329,12.390693704848932,-35.633607952034865,-29.604544601464173,13.101000678417938,1.7528624457673296,-4.3211934528045735,20.00901587451604,36.8059993564109,-28.406158113141128,11.973291151255435,5.788075679738043,-36.0686117567135,-8.853440760422803,-0.43064996764837743,-12.544109184012212,-3.128948111147041,6.32076288530513,-2.771406392498756,6.407783655644132,-15.14441599606957,36.58771789009339,-12.761499089658733,-6.373521787326556,1.4937405792513991,15.670910945216562,7.288848912887261,-5.431752574849147,1.6372933766409266,20.27875870427199,-5.4026753283701305,0.6521028473973917,0.4460703692304071,-11.354517156113427,1.110988944265264,-2.5725909536767593,-3.2125374842147245,1.2890904882852168,6.444944778824432,-16.117117477156867,-4.4043111059835,-2.762796515047556,-1.5459490762273593,0.2144746951427709,1.3930123407741635,-4.599206587156566,2.6965379193804675,1.4384497298263839,-3.2946258208888306,58bcabc9-6f6b-43c0
43.47322249265366,-21.07874355894105,-5.956916712478774,10.505608518931444,23.209966190433445,21.003367783587983,0.608531431698969,10.809021528430113,-8.220009225760371,15.833801053823747,-22.41547063004916,-7.158798676076322,-12.13090350738729,-0.9267488698646411,19.015278290144,2.077709921873234,29.48171368225505,-7.782220578031231,9.95823894548219,-14.493995224110842,12.148271799956785,-13.508015935171908,-12.786659386285322,-4.178971685764451,-2.1956991768552987,-1.388554381745796,-7.793163720451563,6.287521347809548,5.467642384960198,0.3897544014228841,7.8739623995873975,-6.2761069439528026,-3.330716498887223,-11.31307436127512,3.043563986337088,-0.5112766655131964,1.5139285542430734,-10.570031915355957,8.22225536590999,8.103286839408009,2.2800354534347744,-6.832321621036915,-0.39753575462597607,-15.642080509667215,1.5284458303051809,6.425893928073018,-10.877640009500059,-5.752675119163717,17.963185792960754,5.176858273719089,6513899d-6850-4a95
32.92868070080086,33.88378197458052,3.4398101655683875,-19.774637971522147,-18.562907183753577,16.53549456236927,1.63032500862446,5.475365885314979,21.60597971220856,28.39592765689214,-2.934321565048454,7.780101381003196,13.229865965220261,-6.6842119956910455,-3.8163956414547275,-20.645043186512844,3.9869480032502684,0.3132601670652133,4.980591453665819,1.4497255285558361,-3.511201939067404,3.637848437427977,3.927549482319005,-12.063932343356196,-6.200629855913493,1.9804619216117074,-5.562450961746849,0.6893603100218085,-2.649058620054674,5.051697613754421,-1.5917563819194913,0.688407115209968,1.462153476233892,-0.6215259305098741,-1.064918483734128,-6.076656539007284,1.2372784810729451,-2.5281318401658375,1.290092580403729,1.252200352260744,7.336941300346591,5.000956223774022,6.462284892952433,-2.664656636037656,0.09621757125270744,1.694206223953891,-2.793896826792198,-1.429614775836767,0.8617048309936545,-1.3223271162391168,653ddf67-d2ac-4fc7
6.82526748462811,16.98380029757741,32.4223374157314,13.837784892311248,-35.98335175002788,-7.359436085410191,14.588413995089972,19.483826277418014,10.436099432948472,36.098081022147056,6.0188466235165965,-7.899962514607995,-11.475128524238995,-7.579754383168861,11.211826664079643,3.625989657636752,6.562126763004234,-11.887568641575113,2.2766214801091724,8.507026175405736,-5.401354425067209,1.7897227015060169,-5.702832111139901,-3.4559415895018732,2.4664704546538996,-4.192751657763686,6.09893339071559,-3.3677735237071067,-1.356340255820401,0.48255678019436676,-7.41963686147137,-1.182048900693282,-4.804978312929301,-0.7028333062253495,4.751237590435211,-2.3791530183146525,10.411383206802487,3.4005561531460997,0.23566051163273635,-6.279180188712575,3.9189345539287235,-1.3979838836998453,5.007452049931195,2.026488858082961,-6.549824446326719,-0.5038087195076031,-3.4294876109881356,4.113269145601922,-1.2722733812739766,-1.9870483358317588,6606bb36-b6fa-43a5
40.2008146398585,39.825152646951615,-10.145091944715643,-14.205592158227683,4.654438291893793,-1.5197189250797813,-17.90829543812612,4.825183910602626,-4.040093580631846,-7.392878058965287,1.674870588197159,-1.8354113967811638,-12.008176533328587,2.456525056664446,-2.2027546167993837,11.95208000296178,-3.3017960488361267,-1.949872520049625,-2.90737683789161,-3.6884536742918383,-4.369985114350943,-2.674127309232685,-6.043772310178503,9.298650388054673,0.06049066813306137,1.3309167616570194,2.9507883026618007,-1.0300474978950198,10.384464334040972,1.51950291772671,4.308964081043019,-1.1897536268594917,5.287665290426483,-5.734788312807211,-3.002955249144897,1.2981303014249823,-7.38006491507372,0.4706749060274304,5.526341053984821,3.2464229160726776,-7.216718521870669,7.155498076876049,2.3384445671143257,1.9105980956960031,2.335675374258046,1.7081777842746062,-3.6420974471650216,-10.091996312949037,-5.537860683403792,3.1331538925207587,666548b5-7b80-42af
30.61855343843094,35.07269013434197,8.760772451406671,-5.459945235861029,-19.057004095056783,7.771661447820357,-0.21851060358919003,7.206054290349147,16.75993106756688,12.970972233041126,6.283943251848581,3.8845892398363757,20.71239833721278,3.533412156069026,-6.735472251060937,-23.443100931933966,2.707973875658782,8.361429369823105,1.1347669423946796,0.16808102467794162,-0.9372242952512428,10.600673212144729,-6.996851311033669,-3.515119606866674,-7.725565054423349,4.850470708536396,-15.516718824045826,-1.9743938662867524,2.665774006694904,5.29421691811908,-2.535880276236737,5.577369268872082,3.087281196756684,2.174755311598246,0.6200817005760337,-6.048653636721757,-4.73315832609256,-6.680407327130249,-2.6122012521380835,3.520567376333529,11.303668718200491,5.28071185966019,4.587264176759397,-4.035162753942852,-0.6084297416892497,4.787168833603432,2.012219773510456,-10.091407245540362,0.6410971125561926,-0.8942440304063309,678aa892-0631-47cc
23.055797857967292,30.430075258888845,5.075065188686341,24.703071617976594,16.56192307454777,-21.744559888351247,-17.334742353583252,-6.240219180923497,-3.3607532982147164,-22.245244361138052,3.4687993022630668,4.272246579453072,-8.494283997264809,-12.849970275574242,-6.2636881952636045,-3.0649012409108236,6.540388832965257,4.914086675136249,-6.037394819592585,-3.6866806978699542,-1.7972245099931596,-6.093369554899483,-3.901496252928114,-10.109265081242386,2.588808449510532,3.578481840205772,8.421012908541082,-11.316601920169633,-4.430513524593249,-2.9107112138785505,4.962320417027986,1.6926085890315736,9.37213401590815,17.430692742446936,-1.9626985641010346,-14.818089938642146,7.8538663017947785,-2.9763913169022294,-1.3156075491811046,-0.048714319131796545,3.6328791458711405,-7.9741947016076065,-3.7854681847861573,0.3033050209709368,0.8429256039751881,2.1455694716842046,2.9510116755844504,1.0799121748058254,10.186618851534863,1.3248669118682894,69ed2c6f-9495-475c
-64.37784998613641,1.5353805018152693,-17.70885413260005,2.0935814666922825,-2.1457264670384806,-0.674799710700796,1.7201919093900033,4.310962981775429,4.050487763305347,0.153784377103774,16.867893627083447,13.388220121612951,2.1703296948357007,2.6977173298800206,31.860780210040154,-15.142629859291107,3.0577396352976125,-9.02597643582674,-12.33292303934589,11.726276250897222,14.21052245365531,19.948130211018753,3.6466889408318335,8.616902117125159,8.808316647010265,8.082191682289467,4.981966052111391,10.503835055812933,14.604183833278,-8.497751287194598,6.658995296231738,-7.918706787399686,-4.344355653326993,16.623674538426826,-15.629226626074317,-1.6968210276746394,12.164911123474573,3.710493690498987,7.017893613003896,-8.29914728626671,-9.038616201873426,4.862615370941563,-4.962478305574438,-8.021338186308238,-3.2553838029023794,-4.756487769687405,8.263375024780991,-7.894283069676461,6.641415338516229,-4.640133751940954,6bdfd354-391c-48d9
-5.780476500855159,-32.45767884006292,62.40146405893832,15.670147524750195,48.15309411227316,-8.065210451267834,5.4605642384580975,-12.926992338747677,-3.4339583521372736,-5.211420693579484,23.26070297095275,18.3140832279258,4.347002006043837,-4.850435344158435,-12.364698970607645,0.7358906401072876,-2.844997510762214,-3.529631231428909,1.4797001429155892,-4.160877665121093,11.773106090872131,9.876320096913744,7.592865644309666,-1.406705591816587,2.8209807284142694,-0.19897877886613005,-3.586656606920445,2.8143297910053087,-17.946999506616372,2.6678354143137035,4.034829025779655,-6.929822344710959,12.807139115423015,-1.7890641997304946,7.9217057828588215,-5.574547914262358,-15.903211156659093,-5.531011158898785,-1.825104339351863,-1.0871738032514335,-5.807422272816745,7.914956522675656,-1.6460335473702143,-15.433311489600658,-6.367398408031116,1.5350220531240428,6.178142540990948,-8.799049692881947,2.9760171470699874,0.3977076455706293,6cc9a62a-29e8-4f3d
33.11345202762995,28.802064317716706,-11.469804356467806,0.8122809625934051,4.148316937043907,-4.727015064000759,-7.237002065890042,5.268719402437395,8.79757412665828,-7.976704909444597,2.5745066008430366,4.330492858799078,-1.265486779367033,-15.501189808138424,0.5688213369276567,0.28968311132522306,7.177749390061424,-9.583009641881423,-1.499091035808377,-4.93791290120428,0.03669653763508651,-3.0340559508090963,6.623947509733448,-4.5312371317098075,6.373240711479958,0.7738811825533558,2.867620100814667,6.251424516225371,-10.904987974713803,-7.558880017311077,-12.66214940193224,11.26676986544165,3.234927888380136,2.3007209510504714,8.391657573968743,8.513170525229619,0.7051260289490757,8.759581711577416,0.8452145718623182,3.4505097999487693,-4.24700210757589,-6.670164107259938,4.713152187913249,-0.0038471588106743873,9.051027861144535,-10.445216487202925,3.243420672269737,-2.4743511803987945,-1.595458690035288,-0.31729093708682565,748e4eaa-2b96-4dce
14.871473508941126,-13.324733777202837,23.930850557482675,-4.389366347830131,46.277161044692114,11.979433830290528,7.088765219178721,9.611545654482743,6.87319836225541,1.440548918092112,31.180676220503297,-3.2965451607009473,6.119391312630318,16.4119331402837,0.27055279701162516,17.164734293042176,-3.1731717075695656,0.12821603825735867,8.408342598903355,0.25019081364684986,-9.089383172346306,-15.67519708253654,12.707122138171195,-3.9142285815976057,-13.50196366648032,-2.6859771975386,12.175061224009537,-0.05181542915106759,20.14661953766478,-2.735314343548211,-3.0747420927256446,26.450908245738823,-16.49477713061387,-5.99085443709584,-17.5611410981149,-9.576531291216366,-1.2097131503272434,-13.450724398578064,-6.095559290585655,-0.08744963106334332,3.423000795930389,-4.918834685471989,15.45196028054716,0.752247312271576,3.766480667893476,0.11053352719886213,7.267533773517427,0.5826853913057111,0.45868089249597643,-1.9753391632939468,75087f78-5000-45e1
-9.009514425502202,3.967028304373939,53.89873614813716,33.78067762788412,-38.22325102662157,-39.51030958387714,14.003719224556614,15.221421718286459,-13.257516619750175,14.765338269165326,3.3816326788438937,-11.54702479328767,-8.68357097075778,5.8743978450461105,3.5467794090595373,0.7706013134875948,-0.5697408337933574,-0.3146999359748438,4.846376740454798,0.7646943560408833,-1.845211355422549,2.6746299339977364,4.904971927322022,3.2605224594022735,-1.5538050423139402,-1.4398747758571704,-0.11187223997808517,-4.05232029891851,-3.473576355315799,0.6511786816441748,-1.8164747184230248,3.745991555574053,1.4019124719756948,-2.766222056958935,-0.018967081225430414,3.438833670513979,2.037514198065421,-2.812835741586529,3.5583566552340877,0.2759465566983975,-1.6764243165687218,-0.5148120887076225,-0.6438930866555048,1.2371289495566848,-0.2505155786654472,0.5629917546213039,0.16103356571638616,1.2289179709039828,0.079861209019011,-0.7958913751704755,77599d7a-d21b-40c9
6.598191388799834,14.371578292687301,7.046077253557061,1.2217616746893527,-0.30712172289513373,-17.73278336419308,-7.618123217942249,-13.031862030026316,-35.521126957332825,-21.995939490946633,-2.2463098947162816,11.791766653994443,-1.356874618540545,-7.896654916597786,9.606121993275538,-14.291611475705421,-0.06636997260780579,-2.9667801255404997,33.36542148488858,-16.05686133515276,13.553548269112726,14.256689272114095,6.943779723724206,1.1282296888715198,-28.65094429442941,-15.972585595451845,-7.7735037083155945,-4.878131062118397,3.6309242741535197,-11.924206097484047,0.7096083026315275,5.649042035741202,-9.531473220982631,-3.546429906102248,1.2130040012555918,13.391920826366787,5.886941211401709,14.410264354468552,-6.803908805676264,-2.8089905420962666,-0.39001049288580136,3.208865199417334,5.868729775435742,-4.033459878650068,-0.28934485712574204,4.547438254425805,-5.109206363057587,-2.557071368098046,-7.207100496898572,-3.2591741296307095,7ca1746b-d6cc-4207
40.9198744696546,42.00238899961698,-7.901575322833022,-7.591876156576681,-3.376265344999481,0.224536533820738,-7.794336097147429,3.3465364946116574,11.242442859539745,1.187233288340778,3.744526354391889,5.941551464254093,7.772977964892928,-3.570918233193553,-2.929929238785784,-6.8069339185473865,3.0469645803645924,-0.04632876594188552,-1.5248283560271398,-1.7176857204494274,-0.5871954801199452,4.466506166329475,-6.569440638535191,3.9414933045971616,0.5361424717800515,3.711024434256266,-7.077249207821111,-6.77080396709079,0.30908794719215016,2.8966140134727683,2.6104404608816543,3.54806637051232,0.16633809633613786,-1.9979970707402301,1.547640337181872,0.5459026259135034,1.3798867970552067,-4.569683049079051,-0.43477624641163,-5.1028102014209304,3.9712139812543548,1.008162834762322,-5.024066015506862,-1.7172282961077783,-0.31007543839545243,1.293001932111303,4.1262934561062234,0.30750917906181463,-0.6417549294290193,1.5345951626567638,7dfcf573-5004-4c46
-65.59647212417612,1.528136335975204,0.6396455741954606,27.566188934170484,6.010251977448505,-13.232777520292961,0.9388161282142028,-5.407637095988539,23.279500055912873,1.9396485901126883,-7.362700362515135,13.48483082108841,-4.3043083071333665,3.9767848916526525,5.662736788583414,16.492794182791407,7.066494840159216,32.57577689129255,-32.94858301222675,10.958502038176595,-0.4089942534289269,-8.153911042790632,-10.068228050425315,-23.454062446083025,-28.886993001605468,-11.672076439117886,-18.972885089004308,14.9461461432693,2.4680367067701208,-17.449463774935545,2.3498534085550755,-9.857490261514089,6.296420870209375,-8.990076624993272,-4.682924973426443,-3.3428229536422056,7.283895979122173,3.7327701660787382,-5.114392035450196,2.3764729785322616,-5.159834227540918,1.0806751929247913,-3.418221299407751,1.2891042188902548,6.858664081173055,2.0548034951094265,-2.694003271992005,0.7457255579775177,-10.173052255327704,-8.239933840689346,7efb73f4-ef40-4dfa
-59.47345061479355,-14.913148380781061,2.6479379803577148,-25.333887566624018,-15.587275485667105,1.079695108789529,-5.556071578167191,-15.075501150667549,-39.41610688594476,-4.707191550172779,3.0899934034483065,6.979591613097678,3.721844179349079,-6.712167350889478,1.5333498735733313,8.169646735358377,-9.465750665145029,3.7127929585027446,-1.5690806852807309,-13.876666035583368,-8.66696809922199,4.413541895017355,4.970575938185242,-5.824517256808975,-3.460955126460809,1.9748436482326737,-2.682632458972599,1.2845970218257055,-7.727489740072246,3.904009493227773,-7.767179148939708,6.998717687644821,5.368313234305071,-6.022356773759365,-6.770553539027222,7.1537292964670085,-1.0972994947161636,-4.9105206686490925,0.3730178771658985,-3.0674515731529493,7.919248850777383,-1.531652941878294,-5.391079281349738,-5.336907018382824,0.5734878649676577,-6.537353219762927,-5.372306015336622,-0.173387085084943,0.4878242293775104,8.458789201574742,8026738f-cc73-4c9e
-57.464094742548696,-2.5802725910473256,-2.7893347283581984,-19.88778846520386,-11.067521699787871,8.388252709457221,-3.786231133078031,-1.6800460044188492,-24.849442012304966,1.6923855531384977,9.926136236930725,-2.2269826164683453,5.804079974492601,-8.774397110650812,4.994567802748959,4.695695610942582,-10.33748235262734,-3.3594947846933256,-13.340309172015624,-16.64587351230431,6.65108577837775,-3.798511609013296,-0.29945010644384595,-14.52978144174828,-4.208699405994627,0.4261158034031924,-6.636119535948808,-1.815373981192943,3.2294000900343347,2.1153726005856717,-2.9114051004640014,0.8005482269666235,-3.629057745251533,-0.8448052995857402,4.500913110867827,-1.428249171077946,-0.6171258555386028,5.536164952767158,2.0130759360853205,11.5120740332275,11.711119790918339,0.6587190703620579,1.3017490500103832,4.673143472700195,-1.2664430800072017,-1.5479823613618628,1.2445984289259158,4.801223911228577,10.670860285542783,7.628160064054989,8043614c-ce6a-42e2
-53.83497446496451,-2.6620406584039102,-21.499529865729144,-18.207370853215295,-6.072008775126363,7.122067200670453,4.878448699560987,22.249527737158928,10.583530869324356,-0.8335510446717141,14.974688939527425,-6.147479334839934,2.0280517765220005,9.262400327418408,9.027480942439464,2.1237937508004396,-24.591704544108243,26.439178494016428,22.717794626310475,-12.662416723949423,-9.54887737221645,-5.263642360196225,-10.148345434675125,-17.38278275167334,23.952707429846633,-18.615270273273566,-7.589598346724037,-0.8378020360839452,-11.160704988097361,-14.641369323164447,12.004128801050452,-0.3956035463837392,1.6900330602312237,4.218454842433222,5.1292654349303195,-5.41667261260424,4.411447291603124,-3.075921406275971,6.784673782436651,-9.469092452336753,-9.044615489928447,-2.999812125109279,1.1150201363194407,-1.9494378670894237,-0.3271622111895564,-2.586201603996099,7.477646336187747,-1.275124787895419,2.8832251863830938,-2.3074603039794366,808281db-845b-4493
30.652761060637268,46.377933282008684,-4.178896447107653,-23.651984102038973,-10.337002846010359,7.567879258185571,-9.311722897783177,5.959099692467764,8.35247350649956,9.423042094608425,-1.6013215684640467,9.160812568401468,-5.688915972888098,-6.1968430064143645,-2.813584572793441,-1.091503831641658,-3.062876467348704,0.9938087864720192,-1.9004865600416105,2.9028913016187032,0.2000279359639713,0.8057546453827461,0.6145707369720156,2.833398790855207,1.74894966973373,1.697894491363162,-0.9721175789820701,6.0787191315962446,2.7014445394669147,1.3525724843070928,-0.3113936665571746,0.5233872312927731,-4.48548091547144,-8.146818329464203,1.0119180951042464,0.7680679045655002,-6.669889462498555,-0.025693979416330448,1.9439900633102813,-0.042757904736216615,-4.0004106965074255,-0.8051791603446695,-3.1523341593111844,1.323264231832163,3.7010437794704454,-3.125217878193357,1.5130341514531702,-1.021837361243619,-2.2533935315941065,2.13823095222989,8087339c-4fdc-42e4
31.664418483477384,31.119576138145266,-0.6886092276871209,6.181415020374891,7.660584989289349,-4.23207345745485,-15.235512660007538,-11.944599055181316,-20.865095014424462,13.091116547113508,-16.043503350764748,-7.577811166246235,-3.726803742233477,26.182333840527082,-4.34982177208199,0.646401446493293,10.137308673249041,-0.25837085940106225,-8.267896434259304,-13.974495829773689,8.654010294006149,-6.72928902030233,2.063046069239234,10.018093205645876,5.286797362838203,7.746720428714358,-7.858815389268201,-5.923390720098675,1.7033652873488845,-0.8849488030696135,13.143561600456104,-2.3600234529077992,-4.114644629000609,4.0532755922084345,-10.097329289077544,9.306206689236285,-2.4984236018620885,-4.321456594362148,-8.378602487650026,-9.283757356891012,-6.303144917873528,-5.399344831831972,-13.595212755776275,10.755312404235681,3.9400084643208073,-5.495330881715678,-8.89682946278503,7.641370550909122,-4.824297181933224,-3.4978870857893094,857c6778-f94c-4b61
46.23263238801818,-44.98178750571482,-30.01659440025278,18.151615709915884,-23.28627594977658,-7.044983560169121,0.3499789403203472,-28.01670113432297,22.378797539117013,1.7607331141994695,16.606188835919763,-6.0670928069842835,9.258299294695753,-1.5910731232040802,4.296418653326398,4.706743662706519,20.042879146624255,-4.023342157672865,0.6080256701558672,-12.398971810310831,12.804310735208885,-2.304103455551882,-5.486335463483931,-3.936358431513927,0.6824863397093011,-0.45069627862014533,1.4991093146900827,1.464850146200264,-5.015321629237909,-9.037838184372072,12.448269935213526,-15.652862782595669,-8.53296410236352,2.4767625425192357,7.561446866636497,8.329210661530347,-2.1873578991879263,-18.917767047373093,10.042609192873917,-15.385571596287884,3.6504580129871687,-7.905292183089882,17.642609915784263,1.8429335884038567,-5.465453404109684,-2.524131375124521,6.267894094192059,3.4970975452498965,-15.946750865927509,10.992680809894608,89986d81-6b30-4b55
-53.12658033233124,-1.3206956238769272,-13.727208520083321,21.473060366406933,14.031086668011262,-14.353503760646715,-1.1702570339136684,-6.087491649932747,25.341643884683617,6.364783649019302,-21.867403141707367,1.567595454922134,-11.482202032551038,-3.712565056239477,-11.630034651026191,18.755993851814043,3.3943340669937037,0.8808467831996141,-10.952792181263868,7.797490227526094,-0.724457965204522,14.917444385563927,5.552666773692526,-8.586590687001022,7.2033709415467255,-9.734062884268642,-10.109246498484888,-5.528362070800388,7.192569253606611,0.9548253355595508,-14.56219346497858,5.421436400943967,-5.364165395567882,1.14879342585285,-9.159388516963554,22.391384402535582,-9.82312146788276,-2.7028329107602156,13.905377679324076,4.954776705608984,-2.003194077242687,-2.861213475154776,2.061880230485677,1.1105777944481225,-8.310912716274162,8.721171870124701,10.972567773147146,5.442832559105634,2.572998418899345,17.494604098068145,8a2d66dd-1554-4c02
-65.19204723153885,-5.05806936269078,-17.496956516623804,4.834002704400412,3.2205733330506146,4.00647305299878,-1.6395503971303025,2.6110783521356136,-17.151065331559856,-3.505532428011947,6.061437209319003,-9.863421526428954,5.452430228472273,-7.471885567303959,-21.031376087317042,-13.721550050845387,16.780367654165488,-4.873354404768353,16.737631469173625,7.2719902459038215,-9.781310027065471,-6.7820802553707695,1.0189089210966384,12.059310910402143,-4.723851862522196,4.5723196660246685,-8.845432879390103,-4.591254270693338,-11.980254266879586,-0.32889204623881524,-0.9714197646410423,-8.137747909494056,6.553151539147969,-4.788000363357603,-14.54939824023425,2.1987103563721475,14.12808592437482,-6.326348525231174,2.171724108926839,6.644726661413253,-3.4905182895901756,2.797701644631155,4.252870521976659,4.952253008162326,9.915037353565292,2.067208490235364,7.753490546793368,-2.7942429822544375,-9.378633065249195,-0.1616823169736883,8c231c07-0fb9-4e47
10.146426973710355,-36.490763913505475,20.735969371074084,-32.61426839501703,-41.345825425207266,-9.062795390903915,-1.3005324754502705,19.100275049058094,-15.686536169075072,-3.7418180688411873,-19.877664650182624,38.118924700534976,25.537759076920512,22.888745010833382,-16.15672930540575,33.295217906219406,6.335536455983462,-4.6499980595604535,4.781040437611829,6.930183979693169,4.632475694537453,-0.8580044686569693,-5.898637228855993,1.949423052830749,6.7217828113964755,1.3019369224081958,1.6629533120574918,-4.324251513255759,3.516320721022686,-3.071737374781338,-0.45494815110941045,2.5148588754466803,6.831962544280587,6.380987917071795,0.5905798030301339,-0.7069427589603015,5.139554791304907,2.2105683747240423,2.6193486943412907,0.4825971153848728,-1.8621643774583334,1.609954847800719,0.9899311808523434,-0.12434045061227102,5.036246886549142,1.1996725637280925,0.41410125500834455,-0.5378973229574457,1.4817471117925411,1.0889965527908585,8ec0b023-cc75-4254
53.429189047213235,-52.73165282726863,-10.61273115212442,13.876188232571323,3.3825021109594706,11.237717438327886,-15.114545864885967,27.841012838764,-3.3055434064412905,-4.152997198530826,-11.732631710706867,-4.57268524908081,-3.6481740066166948,8.374062402560572,-9.794400416610507,-17.157435985954688,-5.716773209222757,0.25924911987114335,-19.33257656359636,-10.268531749370355,-3.5363989810183343,1.1880450251159183,9.354182469438344,8.66629802195984,3.54383087172584,-4.918277276083605,5.116636677418564,1.7172551928444149,-5.889888412856503,-10.582203266162365,-0.27896761942335463,8.281204458274408,6.2198895979037525,-6.035889557848437,-4.7541976809051585,-8.0463617657151,0.3275761905701488,10.058930803426243,5.058984117372149,-1.8461279647260032,-1.9440268218346846,-5.110318131233126,10.491845129455688,0.6176692365213703,5.0152732679453695,13.680885740000575,-4.557180072300437,1.8630589550343395,9.275706755005368,1.2208785986063422,8f3c7958-ed71-4cfb
-58.529989776365056,1.450545693567391,-20.64725818423806,16.87180989894101,15.72775522455571,-12.564375067547155,-0.5661225396975685,-7.837491081180483,14.534533340325652,3.5422111219681107,-13.066366346037976,12.088602927557535,-10.084141323453608,9.459175231305696,1.3247933590200889,-2.67370010162754,-3.7435329509892465,-13.787247563351782,-7.9332083404515945,-7.692580127433114,-1.2041332734678774,-9.081973711518263,-0.01302463143366184,1.0108080793098393,-1.473457137835418,0.028567533330862264,-1.140950452690384,-11.574519983087477,-0.7263263838398513,5.10609816144164,-11.159185297296881,-2.2578162132209814,-2.684251233397313,-2.779506976232281,0.670695186591227,-4.466601295418992,-4.379153266794147,4.025353966143689,-4.534093721135148,1.8414884058318854,-1.8007097140191262,5.127301186806679,4.56328274341114,1.0210297735538723,-0.16189028753275211,-3.7792970083044293,-6.069857292017798,-1.3537835909721074,-0.5696281772888869,-6.394853505845346,922f12c9-1df7-4cf5
-58.226966182113806,0.2221787186967818,-6.6945541122351795,17.182853823346363,6.546379492562445,-1.8183107738577124,2.2286280648628183,-0.4374957662544187,0.5303915062097029,-3.241607446876492,-8.423627869322493,-1.621135523237448,-0.5128955324200424,-4.103176452820834,-26.946157802011445,-0.8970698671295866,19.263948834110707,13.492211590947814,17.142930731090022,2.332361022397477,-28.879492749969224,17.962254786434645,13.086721390377292,11.189988676307708,9.51359873776207,-1.0652322433099162,-9.036485424125889,23.343012740116617,16.626697651100788,-4.1306028451788785,18.95481089393897,-0.14557068847364776,-6.951187337508826,5.879510182492648,24.398677629292184,-2.6391320507728753,0.6731603283696311,4.98124227674267,-8.506212830550341,6.856209260480309,0.6652481291884271,-6.524509486176746,2.3661071319718396,7.673686193698647,-1.794237208371787,-4.41589629227602,-9.684825781226685,-1.2848216260095895,4.811105861698925,6.163457456033124,925136ec-3825-49cd
-68.60962798604258,-3.052137411979202,-0.26616422175409865,2.375031095420795,-9.968859083653323,4.7380776732257885,3.7080026063787583,-8.746292310503817,-11.625098084657218,3.9115415139160428,4.093895693086427,22.926102892144957,-5.423489162772082,-1.8244320994511798,18.142324195140844,-15.424696548744027,2.56297596230567,-1.8500002932280322,6.265351690136795,4.36416513805767,-8.527655516717504,4.13138664911503,3.4700023546224497,13.793650509301147,3.1673394719962444,-0.44796128247688916,9.842618374612595,9.262413169638348,0.9707561361393413,-0.6911181468137981,-6.34182385442071,-3.3049143056684045,2.055766132073615,5.06633642862605,-11.643500231516693,5.212279008658097,2.117447795662247,-9.867549617944475,5.395537499647183,-0.2599098831374511,2.011905605071668,3.5778808027944238,4.553273680543464,-0.6575528806135704,17.541643531226363,5.248541540060872,2.3735035571677208,2.1039957593385155,-6.2532696875599605,7.9383998840594385,94a6881c-34ca-4f00
-42.43708914080401,-2.330475399546767,-7.704571903349298,-14.128001511906342,-4.7295769732444946,12.991131670195616,-5.984546913167175,-5.97621601888331,-28.687448029323154,5.197658728768159,6.657013705620417,-9.289062519208441,3.0153603779560787,-9.109929042213096,-7.325310806207389,15.993814192316941,2.8683206358152855,-4.731482347647338,-12.82853240097244,-13.253606112465116,-18.28317975637807,-10.231694913236025,4.7672491907885775,-3.363820996234218,-4.895886262923591,11.783136510315215,-8.35344659510684,12.259357344389644,-12.403901280286947,14.532078610452688,-1.27888987018234,2.2046789078907816,0.5643054517803087,-0.44424109453071214,1.3845611269270797,1.535305896289433,13.401633040561778,3.240925102704377,3.893008809064555,-12.716419760013352,5.991583844430668,-7.480119733925598,-3.597892143372931,1.3172417912102796,0.4226261417912192,1.3853134862615502,6.178433722367616,-10.643664975393031,-7.500111271536172,1.5373091610385907,95131162-057b-40d4
-23.08905253222235,-48.14472194300957,56.86211047082376,-99.20734654430245,7.165980114294356,-38.76795314423695,3.6604903020827155,-7.052094929223305,13.893686862067353,-23.588321622781752,-24.306071607876234,-16.17560184175026,-5.2904216813866745,-7.763065232200163,7.524053284097449,-10.639478825840113,7.985446638024624,3.0914928095698353,-7.059107191007831,-1.3124280656282825,-4.0257762396344505,-0.7315130801177685,-4.700143786138709,0.9155513274921433,-1.125463023582354,-1.2223551366848984,1.4463902467051242,-1.429753479459917,2.0213558731047025,1.6412149980245987,2.6721075404577066,2.0540741601052197,-1.5223478817104097,3.3975856137601617,-1.4222227860087662,0.6232398004446509,-0.6912153304325444,-0.1774777127257854,-1.9161779596671906,0.4860225105667574,0.7238027373157498,-0.8621207202802297,0.4689384922974547,-2.4853689490468107,-1.057560072210029,-4.046058588644946,1.8890789148612683,0.42283017610245305,0.32656570986874445,-0.11408315086361939,96344c38-4aa1-4e70
-59.83229376371927,0.2812905843625148,-23.211363477288657,5.018087784893797,2.5133920835084673,6.204510355923733,-4.422237910185531,13.334044331870949,-12.897963002018288,-9.366593818835133,17.9339222720917,-24.4996205928482,20.30654391643004,-13.911376860290407,-17.032271338055622,-2.7046561443042414,26.47783890197199,5.615518617348004,-12.26989464223912,21.57212542626046,12.36042326854802,5.47999547108612,2.957103553407016,-3.3950424584119796,-0.12945657474420966,-9.03675438743805,8.766401325196119,-11.574630547448862,-3.7001937058038767,7.58340507725828,7.148408215034468,1.7909810497807332,-4.751610557033987,1.6797682697298961,0.9716161915600664,-5.817992238622211,-9.670063194823644,3.6536669427088215,7.486836017430165,-5.991918787008603,-6.892899048111602,-4.684543949939502,1.612380244396244,-3.16883364895095,2.0399708539274752,-2.595362723950993,-0.9342943905978429,-0.5771984992653902,5.15364327111089,-5.811231711210887,97869ee7-7a99-4723
-18.090684178466685,15.26944752175922,46.15936789771253,31.18998423503164,-26.084059170806245,43.03425275049849,28.026237263594094,-14.238819289473112,8.916183736078231,-39.30305802732972,-13.40212931086061,-3.8758274760789697,0.27383813383152994,-1.9819187249398593,-4.826177147901994,-9.231123934391299,0.7422351462062168,-1.8169052569335942,6.0305800657146005,-6.3918568102686875,17.246301410255356,-8.503603670810561,0.0722691966576745,-1.073826383204469,8.868213902287323,-10.785700052724506,-5.5086207651660635,11.233765692869186,6.425206377121587,12.826821187027097,-5.063335679833762,3.7834645085777745,5.168833138841985,2.474535110536214,-3.560079863116737,-1.4855794786667127,5.479631174554982,-2.5360472981080755,-1.3003878354445548,-5.30742052808959,-3.170884473654892,3.575997751007291,-0.40899952083428015,8.483164589221424,-2.6220158013373505,-0.29371309085949865,3.0578802465824433,1.976131882979934,0.15023868387229514,1.05878363958575,9829ce20-4a71-4345
-59.85607426786825,-1.7692424518427459,-23.04924197918158,-12.124955463219967,1.7483278411954175,2.376961234422556,-4.673908371289539,12.377828429084824,3.3121754423537904,-3.7046415333141836,-2.3513739764162174,-20.52652495488284,-0.049592333115077894,17.964244529639128,-16.321348370123545,-10.565225564637231,-5.251171259042275,-2.549385352284217,11.499874172425839,12.959138753474013,17.837594231847316,-11.252121874973227,-11.343243620665973,-6.9403193200360125,-14.005792476419572,4.140892382392713,12.391780580097235,10.38335369302583,-7.703086144528888,-8.837215720994687,0.8825809580096851,4.667641032758737,-7.133064460816725,-0.9487700175462885,4.289635374991975,2.561331761692055,-3.590497792560621,0.23834936430136258,-1.9056936567029326,-0.4455023058825256,6.534536796806644,7.474570539759424,-20.908399158667024,-14.836134821197035,8.708331636250179,-2.698047856917734,-2.8554871796632777,2.121314352823033,-2.0772699160533947,11.158993916086407,9a100fca-67f0-4dd0
59.670331879402006,-49.57244012141268,-27.805023734498317,-3.0707455693779053,-26.14476197332657,9.210279423364375,-10.077458077512336,-14.974815597290233,9.417291584287838,7.415523418611945,12.289189220804005,0.7415977457422018,-10.980472234175505,4.1590593253784025,-5.513486745857333,-5.712827366989932,5.992223971640126,-0.12424480669339967,0.7516548453021068,-8.703120149368516,-2.563286629776818,-0.04564561472364866,-0.9477054382152759,4.678956090538914,3.772071635604787,0.4002446277006511,0.40306354594277577,-2.4291633060347926,2.6183836745585753,-3.357208806026413,-10.007524284789566,-9.028892499796227,-6.18659292377744,-8.02441487450843,-2.0202044833289823,0.2869849797178166,1.6235704259501411,2.71953225356465,-4.660310052320357,-1.6675973006689913,-4.325547351562622,0.9014422610183355,-0.68612286743835,4.153152705955843,1.0391716931130535,-0.5448951477481196,-4.6589647078850955,2.390137779268731,6.001146811112891,-5.8312351575044605,9a569eaa-3147-493e
-5.244257382783123,5.113692073357975,42.82169296650252,39.529360676997904,-32.16317245872267,-43.258416900414076,19.455287397198532,28.233026086211634,-2.128588775327642,1.6603929227429193,14.982465719103597,-24.426351698308423,-4.256858741880692,8.503311298118561,2.0268041993136103,3.099272688241731,1.6808089619084385,-3.430523333885029,-4.227847463950967,-7.764795233844935,-2.4125354918087116,-5.612965467300029,5.88608670722198,0.9953858278218254,-1.7506625644977245,-0.35748389254450424,-2.0969766757810193,0.5449561516278051,-0.4229342459837629,1.5138876640109538,8.608594449783366,1.4978897190335088,4.460882033622423,-1.0217123006137716,-4.282847619043155,1.492739289969629,-11.063504068599812,-0.7840043044007183,-2.2412953810007568,4.4546628019293495,-1.749508292909133,-0.516069513823268,1.0590144288452747,-1.3984648041117982,10.115443319254998,-0.6582704539323009,6.797632483567589,-5.774915004034512,5.4367983131105815,-2.3472887884948785,9b40159c-36fb-460b
-45.605040432171315,2.218306081560839,-28.85127197588177,-23.55381109314985,0.9158434426838395,16.009323819635465,-8.811164252719397,9.848899671583245,-24.23487406869109,3.145606185927639,11.301883018558257,-24.93422656773751,4.676786235975105,-0.03590301736984746,-6.017576092815892,7.734437263330476,9.424193043622964,-12.677298374855887,-1.0784767809541134,-4.376487699711849,-9.206996044085063,-2.3444314477216324,-7.505063702888702,4.161127290985349,-16.994208816387637,6.528328018359581,-4.7708431862705325,11.657972089675177,2.5795037407100785,4.68434139777533,-8.309934164955779,-9.289188621884922,-2.344127416649153,10.132455772563768,2.533744182626814,-6.044336035187247,5.166184265994386,-7.116955659562425,5.96726977846555,4.158966931466445,-13.641185355065348,14.272316382560613,3.282171447643509,1.8681107202986,-5.488186598948193,5.3653735683549995,7.410168061921163,1.3477914760862426,7.594182539060708,-12.070483780893207,9f35f301-9683-4cdf
40.3631781325718,39.17482067919918,-2.643218566996094,-0.3092185207113108,5.309111409717282,5.632301849588135,-10.723648826761918,1.2125802256959746,1.5380388061536356,5.580960138142255,2.9131604138340825,6.773581937754246,1.7805935674979112,4.731312465973785,-0.9671880957833744,-12.935556013825728,13.018017554076971,2.4707576164341387,2.1358773149910206,-8.451183530304192,-0.9635800704576934,-0.4564357237139424,-1.4123798367009552,-2.113956935653603,-8.553426286048035,4.495030650513252,-7.473952504933948,-9.269538952633534,-2.2746254898728133,-8.087089726979787,-0.8501130422746692,11.090683730489472,1.004780628919535,5.086827659242818,-1.3459237253700262,0.38564255892444477,2.471282724770489,1.8177587900866363,-1.325955342279783,-0.9598851295007975,-4.277213374942228,-3.5651307527255383,2.0985260344417647,4.507529832416543,1.8010153525092827,-5.359745181904392,3.1011691938084702,4.785241767390908,4.1637088670224305,-0.8942230947551433,a2b566c2-bdbc-41c0
16.940442944845305,17.158831930903656,12.685794775737447,-9.876914337956167,-12.57482643693124,45.20726504617696,5.446736138781341,-17.9545498915314,0.22729178003183978,-14.03275175213638,-7.077284184225212,-15.502889259826588,-9.137650463630724,13.657400693488585,10.59082056780633,19.827540133435544,-10.3430406491689,-7.995010249268664,-3.7789559826373096,12.189036289778967,-20.968576361394817,12.502074760322753,7.8010131277527055,5.1792016081857275,-7.770147156043671,10.200952594046191,1.1683270924462676,-16.5472291875423,-8.482287519908269,-17.55806133636143,3.888387899998607,-7.40136656840951,-4.6705525930868435,-0.8505082775274715,5.201175724533735,1.21637535294551,-1.6285193709846726,-0.917518655835604,7.332813082565581,-0.007335897483271952,-2.0740135233473875,-2.091470766736511,-0.9002214454481005,-6.202411912519434,2.059610281540302,1.852480923882757,-0.28232262332891156,1.193634227171068,-0.2766700678389326,0.039104861697382545,a4f57245-9838-4055
40.19882492715708,1.6928624077282504,-25.47183165132588,3.5721830382386335,18.11333587049887,-14.925124854084407,12.317383777810708,-17.664363080788704,0.8240538909822709,1.623006667092363,-6.885252102846152,-19.780303983720657,40.53293683544634,-5.525310988838939,6.632397582884241,0.2527415170431116,-14.219485314946777,-14.843843975851014,4.170634803526175,-3.248305827992541,-11.66981823388019,1.3595859515582607,5.099850183611293,1.760033172029141,-5.020507603800589,-17.98012135676483,-1.6859428279475799,-1.2262547035529687,19.94902445333015,-0.4497780147515221,-18.43779913158841,-10.103223280302036,16.078946052303447,6.624333117107942,14.600086317041653,-1.589453591305699,5.809074908273239,-5.740996967604327,-3.9752610734166582,3.3997684135623736,-5.602184704548364,-16.039789533908767,-10.226058849196153,-12.951377089571341,7.179565277801721,0.6252272323178318,5.401247249403555,10.327995927594644,-3.9007294568962276,-4.058675327299536,a852a227-c31f-410f
36.61630427512448,32.162979265957055,-11.24139608605238,-11.793744295536147,6.692128751362898,-19.11454410278016,-13.06703756624874,9.721139192719788,-1.8153876485578797,-26.162554931908726,9.171004093278631,0.10849249427501272,-3.4027544913604286,-2.07781460570126,0.8407417559227804,6.308676848140431,-8.412190938095828,7.394882255234102,7.592959368611307,9.20355639515321,7.218179237339713,2.4752138769859346,9.333107905312776,2.1402498695083714,-7.231630045550948,-15.470649562463688,4.193657828618591,-12.964758273328242,8.655743622307334,6.950755283016786,13.150615408820626,-12.881265725449136,2.8257421823362505,-12.787116280510746,-2.664426601864919,-1.1440548934870907,12.321406533361145,4.600142752010894,6.279729311537467,-9.834443272315252,9.966244103687124,3.4959836254689103,0.7234159231048434,5.668873266527297,-4.7131854507147395,12.765513522643449,5.716805836282617,3.256832588698103,5.3632307822057586,-2.9939422969338443,ad8c55ae-46df-43cd
-49.00591012361151,5.678387774271462,-10.554527579183361,-21.165168033238924,-7.798090480219574,16.241383894354314,-9.485947831373675,1.7510649527285718,-18.58058686805775,11.078112329674134,10.907927384953615,-7.836486859971566,5.475763641487756,-8.23968635356314,7.148646084538498,6.1943924704490705,-11.502570181796195,1.3502552896901616,-10.095146001329299,-11.638055133309313,8.208819074557075,-3.5880278666240186,-6.952565710038181,5.738203531122052,4.3382754208875545,4.961904204162714,-6.147311427151605,-3.636908102078107,1.3779962548652092,-2.7070382264901873,-3.688573606950641,-1.626781955993305,1.7207521447100227,5.38516459441299,1.5374069568829607,4.917655411009354,2.9509684297991408,-4.536559608724124,-3.6633635887740206,10.31824518521216,0.01423656566470961,2.865912002633386,5.318908543077288,5.5650212914067,-12.907269121684372,1.9636754349203644,-1.2360440247345132,4.581044099675815,4.258988198178245,-2.3360176420930476,b753855e-9a05-44c0
2.578776661901946,-25.14265104327364,55.24060888717322,-21.41193387515984,43.18266604072432,4.805482396540252,5.812162585448988,2.3371618932571665,7.606791994581454,1.8701685951561098,18.23966043837218,4.220001330500563,-1.9170238761554714,-3.3951987200789473,-3.0012163762925104,-2.428669111746573,0.7953948872194385,-4.557243954494745,2.0499512800023028,1.0732910297275688,9.244131499639417,2.7086020300937013,3.6796639024531976,2.9969329613635076,5.863222999436691,-0.5788825908058978,-3.941334825960526,-0.7926774048649484,-9.767034391338942,2.482292859104083,-9.54058072144022,-4.8761940961496295,-3.0382712457909475,-9.08868499142757,10.071905865817747,-5.055602648584466,-2.494295970692129,2.636796755749533,0.5044148261030537,7.683245967391578,-8.639322161323902,-0.3812173151695759,-3.847264132546429,3.77793891954229,2.2686994833411975,16.726603018519615,3.20365333899805,-2.9546394487424084,-13.9155392733007,-0.6066060973752103,b82b916e-f3f6-445e
-16.10832077432912,-46.94007312848321,57.9700931505323,-100.23442965352866,9.847426298892332,-32.82915631792659,2.2877756147144717,-9.820434839911671,16.092859786432147,-13.427068329072139,-25.65888586925559,-18.82001048586102,-9.188809471772352,-7.184748821062499,11.190121142377203,-10.165081701803574,8.132904985731411,1.9831831625300587,-4.9660704075217765,3.6083115701513337,-7.447309549716223,0.6155293858492361,-8.193124568905212,2.2474616255545516,0.14563224270500233,-0.7482583732151066,-1.487313123114567,-1.5936032073824555,2.1358128787793706,1.1369513709959214,0.9393501136196407,1.6915613436178705,-2.245016535103795,4.369091274585588,-1.8785962591120358,-1.5721046672487615,3.5240748922295357,-1.617021658867592,-1.546637788761357,-3.249918970098365,4.402706479608749,-1.3105578690672628,3.8610468237424307,1.4837015209520021,-0.8691164070080193,-5.097591506530203,-0.7956757392157516,0.5785276088162813,0.8618088094981561,1.111908933718311,b88682b7-92b9-41fc
-15.276633086453195,-8.086482656714324,72.82026447037605,18.035978805741898,34.267607268531386,11.214356845574441,-2.1066135031137625,-22.322708844132674,-10.744531034711384,17.568749675480966,14.672074946148447,19.34814598704504,-8.143058884118942,-4.41305401692285,-19.30430660319618,3.084048119733054,-19.561121877763252,3.95363153630973,-4.975098486738604,1.4595759889478295,9.616955912651303,7.464961653609752,-13.493812134234354,11.417394209222163,-5.631239177673143,9.234760193174562,2.6195849803012505,8.875836455708319,5.564765053898124,6.860997045668971,7.011972958283327,-7.970263979752533,4.9688674485982505,-1.6051718142665166,2.8212905494940053,-0.012967192907763698,6.171623066969014,4.018980703479748,3.349980513619752,-7.850697999177754,-1.7854086748278082,-5.7771477160257545,12.795983891245339,-12.222640813500979,8.614003206651137,-11.687801714507136,-3.2656520902054478,21.562962770392666,5.395258219475458,-2.5182575490608534,be87079d-9aba-406d
38.57005661559647,-21.73847509503335,-7.3741387303709045,18.674619190199383,12.571309237332205,16.631291860196658,-6.174206597198316,0.8183487658935742,-6.057839223849316,13.481185671791168,-11.0124088663697,2.6301018773960707,-15.201998634188133,-23.95976257883884,23.550477741579446,12.113149539624317,1.4736333642209685,-7.0989551102352175,9.46112683605799,25.907653343291305,-2.5289939528121548,-2.508534150608923,-12.902818172688994,-4.4933246040839325,1.1813418977172194,-11.388835158282957,-4.030333750504865,-5.393150847575348,-6.62007734828885,14.178902311195175,-3.9501834369749687,-2.437189404478652,-2.9768272217917437,-3.9916842337033054,6.765762728736701,3.6803779607159766,-0.7048902431138628,-0.8616111712159973,-18.12588181600756,-11.413689443885207,-6.07099294518941,0.11964718704477503,-3.2794547977486617,8.290899643718758,19.80680165162941,1.3585731858298356,5.15654781798715,-0.2743509918850563,15.055954777623493,8.048700936876852,c3c92a18-9d9a-4cb1
-43.55445700538663,-9.921848324900365,-33.64260220795748,-0.44903261162669417,13.30485733324183,-2.570033057095785,-2.2656506422657334,10.067475163035226,22.585948470881483,-5.814937906138768,-9.19385395081254,-16.35494666727575,-6.382862565235233,10.103464088815898,8.941606654254045,14.903291513056569,5.872103992117553,-8.54384467788708,23.938961785461583,-7.469007129536265,12.984353343547756,35.044627303821336,-5.746495942767442,-18.764790658381276,-6.0603256580755644,30.732452915410455,14.621797209930692,9.1460410395514,-1.5261483870953174,2.3726758564457278,-0.6421466502183683,2.653763323723926,25.51901625184136,-13.257737827024405,-5.961406109298463,-6.451634129305841,-1.585936133769072,-2.0039072971827574,-9.77393646066671,0.7032133556223221,1.5765479944970264,-11.443308409609712,0.7062734264786285,13.685968796897342,-3.6442774940290557,0.9420939137261168,2.4124237086494755,5.905098320316955,-0.8694823471775781,-4.524211574500885,c9d871ba-e6ca-49b0
27.701370331011155,31.34033508103662,-4.569493915356565,5.883441949348051,8.060115807365897,-14.111334607585247,-9.21413033476547,-3.5932105938326075,1.6658781343781,-14.83273376917041,3.253660035410304,1.5677605263706738,-3.5059059402194026,-4.912546700967115,0.8917089246012455,7.088652205310509,-4.49358813168329,-3.909081813671457,-4.295864167727681,2.974613453024008,-5.851493282772494,-2.308320017580889,-7.023127261234934,-1.0368434203996146,8.794156567022604,1.0463816822471463,9.865002846446641,12.19410644803122,-1.9983437570148448,2.2848687405166075,-1.0785575114026045,-5.499909550404255,-6.606154251656876,10.03286728324473,-2.7380738156553477,4.202913049225581,1.4999027209100149,1.3830756104704285,-6.6250043953715165,5.7188364571684165,5.088225499793494,-0.4331330729560415,4.004858814908019,-7.624357426540023,-5.548716018318213,5.741178743011728,-8.00117281521678,5.607233346869268,-5.160381697259793,-6.40441549847418,cab9ff29-e575-45e2
17.678845742050214,-33.345910061692926,9.676216532890619,-21.608677492705198,-37.715343326048,-0.7847103785676411,5.556428901304888,20.694962922797785,-6.509607613269483,-4.140183594239206,-11.94913853154599,38.80594722826653,26.536358782935864,16.57315558852557,-12.469419815648171,25.691056292998574,15.374317223027164,-7.042347801916214,6.672697881726181,3.5670955814027803,5.040788974687177,0.40897922717274365,-8.479397715515379,-4.248509750086575,7.356934191205206,-1.0008655749356705,5.247308033905831,-7.13341826435759,4.551828059114196,-3.3578952443860373,-2.0337930191098668,1.340535383115565,2.26749360043191,2.929057973503553,1.1913866080989066,-1.2179711587475104,3.589875270850161,3.0731310821862268,0.016356716707347566,3.4543019047227284,-1.0765763396133066,2.8013565050034783,-2.5648478755771236,-2.107160356778808,3.687745217138584,3.4939827835243684,-1.3495459865973516,-0.5018015660769353,-0.4178770874838919,-4.043709455891322,caf40242-69a1-4e80
27.552254535768085,8.070227815558622,-8.041845209123029,24.942862678679184,11.071843785608818,-17.33683842482101,17.323807770184175,-15.129726460072975,10.658981332267679,-0.7715471784195529,-4.163048107090885,-9.143212428917707,50.27109998829256,-6.090900863404952,8.559629043622637,-0.3564858347389057,0.31192292854472087,-6.0233654801674685,-4.643023542310585,-3.3873593490621787,-15.288168224525567,-2.1732976500568286,-10.674127587409462,3.963397116146719,4.476124698932455,2.3220500642942445,-2.6490580422989285,-1.0155979768135979,-6.11955536022662,-0.17678133596425494,18.09996820139454,1.9187475472374915,3.494593462906058,-3.678557528289731,-14.301033304024577,16.148719211715992,-5.913809309432311,2.793800833678727,-19.469198403906546,-0.6415410541504754,-2.01070537041013,14.737581223031492,3.7554188706918206,-3.809309954344964,-7.898985021131085,11.663896474461545,-5.963129674000182,9.953149414320936,7.139745689638433,2.8563433708467874,ce098c6d-1b12-48df
-63.073357592423655,-1.8644738592133179,-2.0265328326542185,5.11336423873801,3.305622580107465,5.248326240319619,-2.9285939869361015,-2.6130218286005134,-3.964546741313981,9.2747545521608,-3.0456301337887175,2.0610651736476537,-8.378773026556473,-0.9285757034249351,-1.1473821398485913,-2.061032095467755,-9.202017623158314,27.273424356342677,17.650708849861555,-9.58381274711836,-8.678729693861834,-5.753087415797867,-8.9325337467329,3.035267491624919,8.869837570389485,-9.526694924148929,12.193642603650371,-8.541522785280042,-4.089275439916638,-5.83855829296119,-8.899543701514782,1.9297197983240069,4.844599564969367,2.2915175186604224,0.6147237578585928,-6.857213200107428,-6.114861210593639,-13.693894269989746,0.6922064417568022,2.1089252305694712,-3.432807873822342,10.72627044911124,9.17386137009916,5.477575753951333,0.6937938034267771,-1.1687833104881165,-8.981522211124704,7.751557654665685,-0.379054168988077,-3.2215535748572934,d869d50b-7f80-40ef
26.852498987855864,-9.379483166141087,37.86116548936126,-29.106884600789666,41.946327614341044,15.31161074857788,6.065584331252627,4.49264760817667,16.161095932022302,17.50643408028949,17.26183097051194,-1.1371530171325053,0.6989156341347812,13.93968728503644,1.6729537355980155,-3.8880579027692606,15.495296642683943,-2.670745737330339,-0.40454652512942046,-5.905714101302201,1.0739617211907104,2.8532142499374684,0.18128077403903015,6.903842962343462,10.541809259367527,0.04657872489700484,-12.773194766452848,-10.34844928843087,-4.9949519560409845,-3.574949670254057,0.06203473771799863,-3.514986024394245,-1.0201106005284823,-1.6587094376869842,1.2039396128236495,2.486212580289831,1.99507771638467,2.4733735821777043,1.545375630792291,0.6356590916354093,-7.913076196493464,3.623289025762264,-9.188441714968459,14.265125564756904,6.573952628677904,5.323869108991624,-4.278738595092731,4.299409590159329,-4.150283671634472,-6.72316802446057,d94cd170-9dff-4b44
41.60077539434829,-41.37446375114441,-32.40030197894208,9.286424969081928,-8.986551968433712,-5.235912203401892,-10.438571055075242,-43.05156684325925,6.927179431825924,11.929401646342372,7.204768182323287,-10.511798374542032,-12.198244422875314,-9.33754420268527,10.829585047906294,14.159273594210747,3.183349972742468,-13.64247422730001,4.88204950312828,4.030624732782086,6.6112568484320935,-10.015458886020939,-3.4107167979827833,3.6758337886089554,2.146496340868318,-4.679600157239418,-2.513988633043576,-0.42339402163765066,6.454748151386232,1.252892398851098,11.067300157645667,21.261044024151126,14.773763623768449,11.397782366453589,5.7887783478109025,-5.199271022762459,-9.925717704262658,7.936296295084196,13.327057003868102,-1.2566386738060733,10.869623992659324,2.6374897696060926,3.3644564460908555,-5.0597461915572275,8.530264939887875,1.2996873004753595,-10.427585361310541,-3.539069606987213,-12.199427657688915,-15.121968437460342,dac8b069-dde5-43c2
51.96725780899845,-53.199728833985034,-12.519159652147591,0.9621987190829024,0.604381768643529,19.96632678639978,-9.628105421580079,40.65651759942101,-0.38855650220872806,-5.69940439641026,-10.942651503096357,-3.2058314832892414,-2.3088792441356767,-3.587723877474369,-2.065554131534711,-8.934829308813487,-12.521116978296927,-8.48556671874885,-11.51948134862048,-0.936504526794,-11.596484569986107,13.135368090903446,-2.2686515507979257,2.4898803332462607,1.858055305275028,-10.023374027618512,2.4605012376983932,17.104365410388677,-4.266528622935266,-7.806016492907867,-5.81018052357844,5.576586050805737,2.8873034495683454,-6.682113153010633,-4.185876272997686,2.693175136939283,3.0902647208979173,6.807758910166006,7.246221318953625,-10.097714066790259,-2.6613593702453233,-3.860706712969534,-1.1654657795062442,-1.4261349197041444,-6.018801814571914,6.269259851947045,-10.145679645152395,-1.4522477491252086,-1.7976978165935513,-2.031437911630098,db56a719-55ba-4790
27.581487328778433,45.80853293714745,12.188530835488097,7.3933055519805135,3.3509967278124826,-1.6733987767039538,-14.152875449170013,-3.9140032478801405,-4.192647729442519,-0.6130874722205725,3.7859882524305255,12.457464918214606,-8.315133381966842,3.182223477211513,-4.646831187449389,-8.78901146964721,7.846809892839518,9.166226076477827,-6.733999426600796,-4.424318818128393,-3.779492280539203,0.818672352243872,-13.99639151293008,1.0752042492477238,1.245107796284089,8.945790443914339,-2.1298723116224645,-2.3173165242604514,-1.045249540857058,-2.234448273555989,3.252750206046788,9.600211903538959,0.40874265392746206,4.952075473063031,-2.777688232257255,-4.599359466383921,-0.5496377070001128,2.252661721449682,-1.8892636241302965,-1.5484814413143355,-0.9680854351599146,-5.462630339043565,-5.41629377231666,-0.8150881514328213,3.335599831269956,-2.1861558466312654,3.16764159790537,-0.8295008441395375,3.645083246827014,6.034135195688606,dc857517-6b3d-4008
-66.22311454264614,-4.4485987096205974,-16.398021930465124,8.645549227679304,8.768968739989788,-14.57172778208994,-3.0174235084381085,-5.194048201431676,10.018647789862387,1.7722936320751093,-8.93728267203244,7.662696298166777,-4.432601436037165,10.933566435253468,-15.87859906194109,-6.361298527464762,-16.705874131208574,-26.99580689252971,-5.710219221716823,7.379907404063842,-2.335018440816715,-24.79518675964296,-0.15271035896088395,-0.7185104414751546,1.956164981143828,9.167992731751445,-14.267960687204692,-12.232014334262699,3.8535182869209934,2.131723288818111,5.272786533571023,0.8346353840421202,1.2093682987038767,-7.96501711687246,9.54173231513262,-3.156341450252299,4.838168256951724,7.073165722014465,-4.581429238326221,-4.236022123067971,-5.014844986782497,-10.725619520763859,9.965519586278033,0.8102564824928344,-13.756574014477087,-2.2724047383564456,5.167083080883503,-4.741837637959291,0.6180533140077099,-1.1442201114854644,dd76dd00-b1e5-4245
36.93281087799418,-57.98991440826735,-16.421171640273457,-10.349561448151505,-49.61403812175023,-10.364448698826434,-11.816297430583253,-42.284199664330934,15.965048910148557,-3.650302687019904,30.853055594932584,0.5698957390506444,-4.946787133163814,7.42301947068539,-19.058835673494492,1.219914268937466,-0.047752783934508165,10.803435933758884,-7.060399553244309,-8.021440424562986,-0.6576860516014632,0.9392602108924302,4.699391495968946,0.9927394230407757,-3.600462186978592,1.295807362812262,11.929419960419162,-3.8136585913766847,1.1266661149237975,0.01110347219179055,-7.565674577531302,-11.392579209942765,-2.5717304008570268,-2.5433935898694697,-3.0922363804992474,-0.06360147931203758,1.5918757661745357,2.490979968176255,-17.61312938932812,-3.106894699388331,-0.9774252287049863,-1.8807549734379123,0.45123580427790094,-0.3905729929979956,5.957073653428303,-1.892269886579699,1.038309393868538,-11.873031209848927,7.320239096173431,7.252167109477737,e4eaa3f8-d194-47a0
46.0225655970299,23.716803965047685,-9.870162912906693,-15.107392881459736,1.3934920509074264,-7.448442608795549,-11.072550188517326,-6.121449985816908,-13.335453344331631,3.284111511465877,-7.169479921670267,-9.092882356533377,1.4123068417394797,37.853749117334615,3.1037525050299366,-2.245970503377933,-1.6030461701604093,6.08655845294812,-3.9251423110952417,9.955969366844402,-0.5113771003063828,1.4793093193689142,11.03522010705722,0.8861626572701607,9.08677831796792,-6.015089284039174,-0.949204303121814,14.476250662876776,-2.0175485646493816,8.385525384063731,-3.3750935203799486,-8.16121302896302,3.203451386499459,-12.109655129922617,-0.053771460834644444,-2.2606861855703633,-5.331910911548437,0.992880403697014,-0.5545940617513483,-0.6082977055382602,11.699853067709029,11.191713974031781,7.178838663249517,-2.7602496636752396,-2.6836796685748268,-9.231108383408166,-0.3777429899431401,4.184266147041145,-3.500333651660581,-1.140780087124271,e614fbb4-7574-4704
-59.51850341325424,-6.380925533400653,-12.051283752962005,-4.107864105863044,-6.881125846700073,-1.2979170484919504,-0.4247643049911691,-0.6914458323753636,-23.865920061661544,-9.570137933952871,19.581489314163097,7.3232337306553585,3.7568134824364945,-8.449392825303049,20.567507083064484,-3.3331076041499097,-1.8259713677649552,-11.604368825784091,-18.53248880076808,-5.758917816882962,3.6022267797045093,15.540753178748739,17.204244179442565,-20.217576208305726,24.143583982810156,6.1212736997140835,-11.86617821737017,-6.930431264217514,17.204005162991592,-0.5645552229211583,8.583754638337862,4.6838786668658425,-9.795641939257088,-12.268266265834198,5.802337007218189,-14.051724377913338,-3.3683799138385564,-4.218826097912059,-7.862112340822848,1.0056904611379063,-0.11436522411279483,4.800302630910147,-1.5396899591563211,-1.7369073021996075,11.740450212020228,4.941132510324354,-5.628686410685956,2.382055388994496,-7.876541401931026,4.877178638768096,eb8809ea-2c62-4b0f
64.9169825828473,3.2729753122029477,-47.08089657621377,-19.946764781467607,9.235702749616912,5.43623958327185,85.38186424844233,1.9760394508057972,-17.664232056039904,7.674732888527376,6.161176553045663,17.019833173503724,-18.28153859923262,3.2839133973892576,-0.10620323586947898,-8.759757766993195,17.557375658752466,2.8690154951363724,3.3457353114127897,-9.553957881999382,-15.030676968931422,-1.418076794914958,-9.11839524504902,-7.2752277823573115,0.4084850603947447,-2.940087140359406,5.434250393592229,-4.017951607640927,3.667625900710176,8.675889108325299,2.968187692466731,-7.323773822268722,0.6797738975913711,-8.21124388173951,-12.117877800030742,-5.3283806378896195,-6.49732763031887,20.999236449204954,3.9913376868754957,5.94198516511519,-6.900257003934635,-3.9778031163883134,1.698034609374931,-10.70524445927585,-8.195371991189669,-10.34219773147355,9.674925115373545,4.452358892010551,-5.643783565391033,2.9196338552175094,ec2e3ab8-18a2-4d4e
31.25801421775892,-4.300478229391197,23.927810892885432,2.324839049120423,38.50908334651852,17.941471794749177,7.53996334844459,7.08313046903266,11.049136883577738,8.253186087591025,30.321638940056516,0.701269847568134,6.707578836986448,3.2417954591392664,1.9007832069392763,11.298063561488588,1.3868015245345322,-4.66367691676105,3.362092852469106,6.9400165181706095,-10.765356925810122,-3.9794225223663946,2.5579998561143453,-3.9754415560719076,3.396903044695936,-5.413306378110835,3.6096150301685257,7.646178020900536,6.123952052364918,-1.3182093552592502,-5.687408187020576,2.5921262154635314,-6.11315785100877,7.936472816965375,-11.415950820191908,7.486209610987477,6.331897750015419,-6.554493589308252,-3.461659813972752,1.7548119675024851,5.187720805830087,-7.036855313815638,-12.574261297479676,0.04016600663248877,-5.414186671831999,-7.8326740254745495,-9.047046241106452,-6.452592949084176,0.8758903233449157,0.44236762231346394,f4ae8bda-0c4b-4141
36.89606930113213,30.793303713964388,-13.228718369704382,-13.087189019745582,-0.01256578413362648,-11.173184325938728,-6.416923985641784,7.636229909020838,2.941193554000228,-9.236855252817842,4.048344752355956,-0.03656384983590496,3.7551301327913995,-0.1318957232117664,0.825356294978245,1.7438218707022886,3.6430472906122606,-1.0540364963459434,0.2629164571876497,-1.0460185860929225,6.293682765252461,2.252876843014986,6.05406065602874,-2.4829088980084575,-1.329740869742223,-0.6905833133715218,-4.010177962628454,8.671137842411555,-9.763728169735653,-7.572503265279495,-10.102994486897702,7.114788830452761,-4.442074698171798,3.874398159015925,5.404180454242936,9.799095678882598,-10.588804474400975,8.208414999782944,-5.856197858950377,-0.9949833872422589,-4.842756151735105,-1.3351174382149589,10.642511907468782,-3.4890417896491606,4.103153483227745,-5.587229255114359,11.304350255491222,0.44324350829553333,7.422865957590313,-3.3840980837173573,f518ad50-78d8-4b0f
41.69685377021043,-48.076641660921005,-5.293481488599501,22.46981227112236,10.730932194498736,13.04587591377923,-12.981042710940866,31.228413727796738,-2.392964138457729,-3.721652153932676,-13.845428656991755,-3.881745296076668,4.01472214217635,-15.9767194311961,-4.822816547483937,-5.12841731177917,-14.168347543800135,-6.206708822934453,-12.463951274186421,-3.4023651884041572,-8.055630324797773,5.795511890723117,-1.0498402313421458,6.35111532255227,-5.75006339874379,-3.0044443933002465,-5.244929923350356,-0.053601244685981424,-5.041301163711687,-4.2703293905216775,4.00999371644788,-5.731326884325301,8.908950623298146,10.118320032881108,-14.46398067992827,-4.7596751099827355,-11.89496433414894,1.3624188520071046,-2.9247043364479755,-7.49253742819344,9.862676987945258,0.17562894209314694,2.5284488644100005,5.361484477648512,5.2777508046980595,-2.665203731001796,1.0811685612030326,1.1654250575046816,-7.094169328098274,5.027385981757005,f52c71d5-e3c8-405c
-62.29488899607114,-4.646986308054311,-28.956934462082224,-9.362454176051388,-2.6124950543125967,1.0237320671658305,2.6133288623832205,15.742799252218676,13.042554926796221,-2.7375465964816246,9.896288241759317,1.942317253555933,-3.96602735363061,14.237963958081373,-0.2770143197089505,-12.250108313615096,-12.777231148503533,-12.229051009387225,7.82075929726439,-1.4381780455125914,-3.9570855733702834,-8.474352575552583,-4.81376118380532,-0.8050915657546259,7.8472957452083625,1.2616440491973397,-6.770573759992161,-1.7357653674185676,-4.776724121229548,1.7324886041306067,6.96351493603947,-1.571779593666319,3.86537359037555,0.06962159936261414,-3.5391415596145017,10.328631554671434,-0.28620435631096597,-1.1767314082633384,-2.83016825071504,0.6209800016026755,2.44040726368286,-6.814260471060329,-1.3330813986817385,-5.149603840712789,9.882563613545367,-3.0994279315767073,-2.6257738865880516,-5.538671973025754,-2.4828616009427726,0.26177967739499075,fa77f658-db3a-48a2
26.26215462472104,42.80695224807596,-1.854822564154939,-6.435205238417392,4.840380845543413,-2.624200492974364,-18.545732593027243,-2.4846946091278026,1.82325146176118,1.100525567313943,-3.911303772691856,3.260525343905343,-7.369099871942012,-7.407039509295905,-1.8308402883978911,-1.3068547931196905,-3.484722270395153,-3.3830244887684966,-2.135623529958127,-3.069815155337723,9.447793845373445,3.047677217999999,4.0852677685363785,-3.1881890656366054,-4.463574772206913,1.3302077926248514,1.521847268767268,-1.4566295804057794,4.107318393966636,-9.96554185057268,-1.5875987680384707,3.8697477983397808,-7.389874210967657,7.065103869981139,2.923840749693312,-0.6994370712485438,2.2366504752700465,5.320823631878621,1.11572206622487,-2.693289935523833,-8.625994585626113,0.9575786372594393,-0.811009069441895,9.389702170557534,0.13920580526877918,-5.8536910928410695,-0.34768831504000386,0.43751711880940597,-2.3088337932479814,0.7076957521360809,fd5d7370-2c7c-4f6e
